{"stats":{"minecraft:crafted":{"minecraft:dark_oak_boat":1,"sophisticatedbackpacks:anvil_upgrade":1,"sophisticatedbackpacks:crafting_upgrade":1,"quark:deepslate_furnace":8,"minecraft:diamond_leggings":1,"minecraft:diamond_helmet":2,"minecraft:iron_boots":1,"justhammers:diamond_hammer":2,"quark:azalea_boat":1,"quark:azalea_planks":8,"minecraft:crafting_table":3,"minecraft:spruce_planks":24,"minecraft:baked_potato":288,"minecraft:iron_helmet":1,"sophisticatedbackpacks:upgrade_base":2,"minecraft:stick":40,"minecraft:iron_ingot":39,"minecraft:iron_block":6,"minecraft:gold_ingot":36,"laendli_transport:shotgun":1,"comforts:sleeping_bag_white":1,"minecraft:leather":6,"minecraft:diamond_boots":1,"quark:spruce_chest":2,"minecraft:dark_oak_planks":32,"minecraft:diamond_sword":1,"minecraft:iron_sword":1,"minecraft:air":0,"minecraft:golden_apple":4,"minecraft:iron_leggings":1,"minecraft:anvil":2,"laendli_transport:ammunition_shotgun":32,"minecraft:white_bed":1,"minecraft:torch":60,"minecraft:diamond_chestplate":1},"minecraft:mined":{"minecraft:dark_oak_planks":2,"minecraft:spruce_planks":2,"quark:azalea_log":2,"minecraft:granite":6,"minecraft:grass_block":3,"minecraft:spawner":4,"minecraft:cobbled_deepslate":12,"minecraft:fire":10,"minecraft:flowering_azalea_leaves":1,"minecraft:azalea_leaves":4,"minecraft:spruce_slab":5,"minecraft:smoker":1,"minecraft:torch":1,"minecraft:cobblestone":7,"minecraft:sugar_cane":14,"minecraft:dark_oak_slab":20,"minecraft:birch_log":18,"minecraft:tnt":1,"minecraft:grass":2,"minecraft:oak_log":49,"minecraft:dirt":5,"minecraft:sand":80,"minecraft:smooth_quartz":6,"minecraft:oak_leaves":4,"minecraft:deepslate":31,"minecraft:tuff":2,"born_in_chaos_v1:infected_diamond_ore":1,"minecraft:jungle_planks":6,"minecraft:spruce_leaves":1,"minecraft:bookshelf":6,"minecraft:deepslate_iron_ore":11,"minecraft:lantern":1,"minecraft:stone":40,"minecraft:bone_block":26,"minecraft:white_wool":6,"minecraft:crafting_table":7,"minecraft:tall_grass":7,"minecraft:spruce_stairs":1,"minecraft:spruce_log":102,"minecraft:birch_leaves":1,"quark:deepslate_furnace":21,"minecraft:gravel":10,"minecraft:cobweb":5,"minecraft:fern":1},"minecraft:killed":{"vampirism:vampire":1,"minecraft:cave_spider":3,"minecraft:witch":3,"alexsmobs:froststalker":6,"minecraft:skeleton":23,"minecraft:chicken":1,"grimoireofgaia:flesh_lich":1,"minecraft:parrot":1,"born_in_chaos_v1:diamond_termite":1,"grimoireofgaia:bone_knight":1,"vampirism:hunter":1,"minecraft:pillager":23,"minecraft:zombie":9,"born_in_chaos_v1:dread_hound":1,"born_in_chaos_v1:corpse_fly":1,"grimoireofgaia:harpy":1,"mca:male_villager":1,"grimoireofgaia:shaman":1,"minecraft:evoker":3,"minecraft:vindicator":8,"born_in_chaos_v1:thornshell_crab":1,"minecraft:horse":3,"born_in_chaos_v1:corpse_fish":2,"minecraft:husk":3,"grimoireofgaia:cecaelia":2,"minecraft:ravager":3,"born_in_chaos_v1:nightmare_stalker":1,"mca:female_villager":1},"minecraft:dropped":{"minecraft:iron_sword":4,"minecraft:cooked_beef":1,"minecraft:oak_log":1,"vampirism:human_heart":1,"minecraft:glass_bottle":2,"minecraft:diamond":15,"minecraft:crafting_table":1,"minecraft:orange_tulip":1,"minecraft:dark_oak_slab":24,"minecraft:crossbow":1,"minecraft:lantern":2,"minecraft:leather":8,"minecraft:jungle_planks":2,"minecraft:saddle":1,"quark:limestone":24,"born_in_chaos_v1:nightmare_claw":1,"minecraft:dirt":8,"alexsmobs:roadrunner_feather":1,"alexscaves:cave_map":1,"minecraft:sand":55,"minecraft:gravel":9,"minecraft:iron_nugget":2,"minecraft:cobbled_deepslate":1381,"alexscaves:cave_tablet":1,"minecraft:birch_sapling":6,"born_in_chaos_v1:ethereal_spirit":1,"minecraft:purple_banner":3,"tombstone:gift":2,"minecraft:rotten_flesh":1,"minecraft:black_terracotta":20,"vampirism:hunter_axe_normal":1,"sophisticatedbackpacks:anvil_upgrade":1,"minecraft:leather_boots":1,"minecraft:chainmail_boots":1,"minecraft:spruce_wood":3,"minecraft:spruce_slab":7,"minecraft:arrow":1,"minecraft:egg":1,"minecraft:enchanted_book":3,"minecraft:iron_ingot":33,"minecraft:bread":20,"minecraft:wheat_seeds":9,"minecraft:diamond_leggings":1,"minecraft:feather":15,"minecraft:iron_helmet":1,"minecraft:cobblestone":669,"minecraft:granite":10,"grimoireofgaia:shiny_pearl":5,"minecraft:spruce_stairs":2,"minecraft:coal":7,"grimoireofgaia:rotten_heart":2,"minecraft:stick":21,"minecraft:jungle_slab":2,"born_in_chaos_v1:black_argillite":10,"tombstone:grave_key":1,"minecraft:smooth_quartz":2,"born_in_chaos_v1:fused_bone":2,"minecraft:diamond_helmet":1,"minecraft:iron_leggings":2,"minecraft:white_banner":3,"vampirism:ring":2,"minecraft:chainmail_leggings":2,"minecraft:iron_shovel":2,"minecraft:string":11,"minecraft:lily_pad":1,"vampirism:garlic_bread":5,"minecraft:spruce_sapling":35,"quark:azalea_planks":3,"alexsmobs:tarantula_hawk_wing_fragment":1,"vampirism:obi_belt":1,"minecraft:tuff":292,"minecraft:raw_iron":60,"minecraft:iron_boots":1,"minecraft:iron_hoe":1,"minecraft:shield":1,"minecraft:bundle":1,"minecraft:iron_chestplate":1,"minecraft:oak_sapling":6,"minecraft:stone_bricks":4,"minecraft:spider_eye":2,"tombstone:essence_of_undeath":2,"minecraft:sandstone":58},"minecraft:custom":{"minecraft:interact_with_crafting_table":35,"minecraft:open_barrel":67,"minecraft:leave_game":9,"minecraft:time_since_death":133621,"minecraft:sprint_one_cm":938827,"minecraft:damage_blocked_by_shield":345,"minecraft:drop":235,"minecraft:talked_to_villager":2,"minecraft:play_time":510491,"minecraft:deaths":21,"minecraft:jump":6162,"minecraft:interact_with_brewingstand":1,"minecraft:walk_on_water_one_cm":155770,"minecraft:interact_with_furnace":146,"minecraft:traded_with_villager":5,"minecraft:interact_with_cartography_table":1,"vampirism:interact_with_research_table":1,"minecraft:sleep_in_bed":14,"minecraft:waystone_activated":1,"minecraft:damage_dealt":24078,"minecraft:crouch_one_cm":36012,"tombstone:undead_killed":37,"tombstone:villager_killed":2,"minecraft:interact_with_smoker":6,"minecraft:use_cauldron":1,"minecraft:inspect_dispenser":2,"minecraft:mob_kills":112,"minecraft:damage_dealt_resisted":374,"minecraft:climb_one_cm":24487,"minecraft:walk_one_cm":910919,"minecraft:raid_win":1,"minecraft:sneak_time":14142,"minecraft:walk_under_water_one_cm":114654,"minecraft:boat_one_cm":1166992,"minecraft:total_world_time":510491,"tombstone:raider_killed":40,"vampirism:interact_with_garlic_diffuser":1,"minecraft:raid_trigger":1,"minecraft:time_since_rest":20177,"minecraft:damage_taken":17478,"minecraft:damage_absorbed":320,"minecraft:trigger_trapped_chest":2,"tombstone:cast_on_ally":0,"minecraft:swim_one_cm":302917,"minecraft:fly_one_cm":1028690,"minecraft:open_chest":73,"minecraft:fall_one_cm":164523},"minecraft:killed_by":{"minecraft:pillager":1},"minecraft:broken":{"minecraft:diamond_boots":1,"minecraft:iron_sword":1},"minecraft:used":{"tombstone:scroll_of_unstable_intangibility":1,"minecraft:spruce_slab":4,"born_in_chaos_v1:intoxicating_decoction":1,"minecraft:shield":9,"minecraft:iron_sword":430,"quark:deepslate_furnace":27,"tombstone:tablet_of_cupidity":2,"minecraft:dark_oak_slab":14,"minecraft:dark_oak_boat":10,"minecraft:potato":5,"minecraft:golden_apple":7,"minecraft:sand":45,"minecraft:bread":21,"tombstone:grave_key":14,"minecraft:gravel":3,"securitycraft:mine":1,"minecraft:diamond_sword":196,"minecraft:flint_and_steel":1,"tombstone:scroll_of_frost_resistance":1,"minecraft:spruce_planks":1,"minecraft:torch":65,"minecraft:dark_oak_planks":2,"minecraft:iron_axe":216,"tombstone:gift":6,"comforts:sleeping_bag_white":6,"quark:azalea_boat":1,"minecraft:cobbled_deepslate":403,"minecraft:water_bucket":52,"tombstone:scroll_of_knowledge":1,"minecraft:baked_potato":204,"minecraft:crafting_table":7,"justhammers:diamond_hammer":572,"minecraft:white_bed":1,"minecraft:smoker":1,"minecraft:diamond_shovel":58,"minecraft:oak_button":1,"minecraft:iron_pickaxe":163,"tombstone:magic_scroll":3,"minecraft:cobblestone":47,"minecraft:bucket":53,"minecraft:splash_potion":1},"minecraft:picked_up":{"minecraft:iron_chestplate":1,"minecraft:chainmail_boots":1,"quark:azalea_log":2,"tombstone:grave_key":1,"born_in_chaos_v1:black_argillite":10,"minecraft:string":27,"minecraft:iron_leggings":1,"minecraft:purple_banner":3,"minecraft:zombie_head":1,"vampirism:obi_belt":1,"minecraft:cobbled_deepslate":1892,"minecraft:gold_nugget":3,"comforts:sleeping_bag_white":6,"minecraft:spruce_planks":2,"minecraft:smooth_quartz":6,"minecraft:iron_pickaxe":1,"minecraft:stick":44,"minecraft:torch":4,"minecraft:spruce_stairs":2,"born_in_chaos_v1:nightmare_claw":1,"tombstone:grave_dust":7,"vampirism:vampire_fang":1,"minecraft:rotten_flesh":7,"minecraft:cobblestone":684,"minecraft:birch_log":18,"minecraft:feather":16,"sophisticatedbackpacks:anvil_upgrade":1,"minecraft:dark_oak_boat":10,"minecraft:smoker":1,"minecraft:potato":520,"minecraft:tuff":300,"minecraft:dirt":8,"minecraft:lapis_lazuli":149,"minecraft:lantern":2,"minecraft:name_tag":1,"born_in_chaos_v1:monster_skin":3,"minecraft:leather_boots":1,"minecraft:bone":18,"minecraft:orange_tulip":1,"minecraft:wheat_seeds":9,"minecraft:raw_gold":30,"minecraft:black_terracotta":20,"securitycraft:mine":1,"vampirism:ring":2,"minecraft:jungle_planks":30,"minecraft:sand":89,"grimoireofgaia:shiny_pearl":7,"minecraft:jungle_slab":2,"minecraft:dark_oak_log":1,"minecraft:iron_hoe":1,"minecraft:bundle":1,"minecraft:diamond":65,"waystones:waystone":1,"minecraft:crossbow":1,"minecraft:granite":10,"alexsmobs:tarantula_hawk_wing_fragment":1,"minecraft:bread":16,"minecraft:emerald":4,"minecraft:oak_sapling":6,"born_in_chaos_v1:diamond_termite_shard":2,"minecraft:crafting_table":6,"minecraft:splash_potion":1,"alexsmobs:roadrunner_feather":1,"minecraft:white_carpet":2,"born_in_chaos_v1:intoxicating_decoction":1,"minecraft:iron_shovel":1,"minecraft:iron_nugget":2,"minecraft:spruce_slab":11,"minecraft:sugar_cane":36,"minecraft:birch_sapling":6,"minecraft:egg":1,"minecraft:raw_iron":82,"minecraft:sandstone":58,"quark:deepslate_furnace":27,"minecraft:redstone":166,"minecraft:dark_oak_planks":2,"minecraft:arrow":21,"tombstone:essence_of_undeath":2,"minecraft:saddle":1,"minecraft:totem_of_undying":1,"laendli_transport:ammunition_shotgun":72,"minecraft:bone_block":28,"minecraft:white_wool":6,"born_in_chaos_v1:fused_bone":2,"minecraft:leather":4,"minecraft:oak_log":48,"minecraft:lily_pad":1,"quark:limestone":24,"tombstone:gift":3,"minecraft:white_banner":3,"vampirism:human_heart":1,"minecraft:gray_carpet":2,"minecraft:stone_bricks":4,"minecraft:spruce_wood":9,"minecraft:glass_bottle":1,"minecraft:iron_sword":9,"minecraft:book":15,"minecraft:dark_oak_slab":53,"born_in_chaos_v1:ethereal_spirit":1,"minecraft:gravel":12,"minecraft:spruce_sapling":35,"minecraft:spruce_log":110,"minecraft:spider_eye":4,"minecraft:chainmail_leggings":2,"grimoireofgaia:rotten_heart":2,"minecraft:oak_button":1,"alexscaves:cave_map":1,"minecraft:baked_potato":8,"tombstone:magic_scroll":2,"minecraft:coal":74}},"DataVersion":3465}