{"stats":{"minecraft:mined":{"minecraft:dark_oak_planks":2,"minecraft:tuff":2,"minecraft:spruce_planks":2,"quark:azalea_log":2,"born_in_chaos_v1:infected_diamond_ore":1,"minecraft:granite":6,"minecraft:grass_block":3,"minecraft:jungle_planks":6,"minecraft:spawner":4,"minecraft:cobbled_deepslate":12,"minecraft:fire":9,"minecraft:bookshelf":6,"minecraft:flowering_azalea_leaves":1,"minecraft:deepslate_iron_ore":11,"minecraft:lantern":1,"minecraft:azalea_leaves":4,"minecraft:stone":40,"minecraft:bone_block":26,"minecraft:white_wool":6,"minecraft:spruce_slab":5,"minecraft:smoker":1,"minecraft:crafting_table":7,"minecraft:torch":1,"minecraft:cobblestone":7,"minecraft:sugar_cane":14,"minecraft:spruce_stairs":1,"minecraft:dark_oak_slab":20,"minecraft:tnt":1,"quark:deepslate_furnace":21,"minecraft:grass":1,"minecraft:dirt":5,"minecraft:sand":32,"minecraft:smooth_quartz":6,"minecraft:cobweb":4,"minecraft:deepslate":31},"minecraft:dropped":{"minecraft:enchanted_book":2,"minecraft:bread":20,"minecraft:iron_sword":3,"minecraft:wheat_seeds":3,"minecraft:cooked_beef":1,"vampirism:human_heart":1,"minecraft:diamond":15,"minecraft:glass_bottle":1,"minecraft:crafting_table":1,"minecraft:orange_tulip":1,"minecraft:dark_oak_slab":24,"minecraft:crossbow":1,"minecraft:feather":14,"minecraft:iron_helmet":1,"minecraft:cobblestone":669,"minecraft:lantern":2,"minecraft:leather":7,"minecraft:granite":10,"minecraft:jungle_planks":2,"grimoireofgaia:shiny_pearl":5,"quark:limestone":24,"minecraft:spruce_stairs":2,"born_in_chaos_v1:nightmare_claw":1,"grimoireofgaia:rotten_heart":2,"minecraft:stick":21,"minecraft:dirt":8,"minecraft:jungle_slab":2,"born_in_chaos_v1:black_argillite":10,"alexsmobs:roadrunner_feather":1,"tombstone:grave_key":1,"minecraft:smooth_quartz":2,"born_in_chaos_v1:fused_bone":2,"minecraft:diamond_helmet":1,"minecraft:iron_leggings":1,"alexscaves:cave_map":1,"minecraft:sand":8,"vampirism:ring":2,"minecraft:chainmail_leggings":2,"minecraft:iron_shovel":2,"minecraft:string":11,"minecraft:lily_pad":1,"vampirism:garlic_bread":5,"minecraft:gravel":1,"quark:azalea_planks":3,"minecraft:iron_nugget":2,"minecraft:cobbled_deepslate":1379,"alexsmobs:tarantula_hawk_wing_fragment":1,"born_in_chaos_v1:ethereal_spirit":1,"vampirism:obi_belt":1,"minecraft:tuff":292,"tombstone:gift":2,"minecraft:purple_banner":3,"minecraft:black_terracotta":20,"minecraft:rotten_flesh":1,"minecraft:iron_boots":1,"minecraft:iron_hoe":1,"vampirism:hunter_axe_normal":1,"minecraft:bundle":1,"sophisticatedbackpacks:anvil_upgrade":1,"minecraft:iron_chestplate":1,"minecraft:spruce_wood":1,"tombstone:essence_of_undeath":2,"minecraft:spruce_slab":7,"minecraft:sandstone":34,"minecraft:arrow":1},"minecraft:picked_up":{"minecraft:iron_chestplate":1,"born_in_chaos_v1:diamond_termite_shard":2,"minecraft:crafting_table":6,"minecraft:splash_potion":1,"alexsmobs:roadrunner_feather":1,"quark:azalea_log":2,"tombstone:grave_key":1,"born_in_chaos_v1:black_argillite":10,"minecraft:string":27,"minecraft:iron_shovel":1,"born_in_chaos_v1:intoxicating_decoction":1,"minecraft:white_carpet":2,"minecraft:purple_banner":3,"minecraft:zombie_head":1,"vampirism:obi_belt":1,"minecraft:gold_nugget":3,"minecraft:cobbled_deepslate":1892,"minecraft:spruce_planks":2,"comforts:sleeping_bag_white":2,"minecraft:smooth_quartz":6,"minecraft:iron_nugget":2,"minecraft:iron_pickaxe":1,"minecraft:spruce_slab":11,"minecraft:sugar_cane":36,"minecraft:sandstone":34,"minecraft:raw_iron":82,"minecraft:spruce_stairs":2,"minecraft:torch":4,"quark:deepslate_furnace":27,"tombstone:grave_dust":7,"vampirism:vampire_fang":1,"born_in_chaos_v1:nightmare_claw":1,"minecraft:redstone":166,"minecraft:dark_oak_planks":2,"minecraft:arrow":21,"minecraft:rotten_flesh":7,"tombstone:essence_of_undeath":2,"minecraft:bone_block":28,"minecraft:white_wool":6,"minecraft:cobblestone":684,"born_in_chaos_v1:fused_bone":2,"minecraft:feather":15,"sophisticatedbackpacks:anvil_upgrade":1,"minecraft:leather":4,"minecraft:dark_oak_boat":7,"minecraft:smoker":1,"minecraft:potato":520,"minecraft:tuff":300,"minecraft:lily_pad":1,"quark:limestone":24,"minecraft:lapis_lazuli":149,"minecraft:dirt":8,"minecraft:lantern":2,"tombstone:gift":3,"minecraft:name_tag":1,"born_in_chaos_v1:monster_skin":3,"minecraft:bone":18,"vampirism:human_heart":1,"minecraft:gray_carpet":2,"minecraft:orange_tulip":1,"minecraft:wheat_seeds":3,"minecraft:raw_gold":30,"minecraft:spruce_wood":8,"minecraft:iron_sword":8,"minecraft:book":15,"minecraft:black_terracotta":20,"minecraft:dark_oak_slab":53,"securitycraft:mine":1,"born_in_chaos_v1:ethereal_spirit":1,"vampirism:ring":2,"minecraft:gravel":4,"minecraft:sand":42,"minecraft:jungle_planks":30,"minecraft:bundle":1,"minecraft:spruce_log":17,"minecraft:dark_oak_log":1,"minecraft:jungle_slab":2,"minecraft:spider_eye":2,"grimoireofgaia:shiny_pearl":7,"minecraft:iron_hoe":1,"minecraft:diamond":65,"minecraft:chainmail_leggings":2,"minecraft:granite":10,"minecraft:crossbow":1,"alexsmobs:tarantula_hawk_wing_fragment":1,"grimoireofgaia:rotten_heart":2,"minecraft:bread":16,"minecraft:oak_button":1,"alexscaves:cave_map":1,"minecraft:baked_potato":8,"tombstone:magic_scroll":2,"minecraft:coal":74},"minecraft:killed_by":{"minecraft:pillager":1},"minecraft:killed":{"grimoireofgaia:shaman":1,"vampirism:vampire":1,"minecraft:cave_spider":3,"minecraft:skeleton":23,"minecraft:horse":3,"born_in_chaos_v1:corpse_fish":2,"grimoireofgaia:flesh_lich":1,"minecraft:parrot":1,"minecraft:husk":3,"born_in_chaos_v1:diamond_termite":1,"grimoireofgaia:bone_knight":1,"grimoireofgaia:cecaelia":1,"vampirism:hunter":1,"minecraft:pillager":6,"minecraft:zombie":9,"born_in_chaos_v1:dread_hound":1,"grimoireofgaia:harpy":1,"born_in_chaos_v1:corpse_fly":1,"born_in_chaos_v1:nightmare_stalker":1},"minecraft:custom":{"minecraft:mob_kills":67,"minecraft:interact_with_crafting_table":35,"minecraft:open_barrel":67,"minecraft:damage_dealt_resisted":235,"minecraft:leave_game":8,"minecraft:time_since_death":48663,"minecraft:climb_one_cm":24279,"minecraft:sprint_one_cm":596271,"minecraft:walk_one_cm":711452,"minecraft:damage_blocked_by_shield":345,"minecraft:drop":185,"minecraft:talked_to_villager":2,"minecraft:play_time":425533,"minecraft:deaths":21,"minecraft:sneak_time":13016,"minecraft:walk_under_water_one_cm":83206,"minecraft:boat_one_cm":1153897,"minecraft:jump":3957,"minecraft:interact_with_brewingstand":1,"minecraft:walk_on_water_one_cm":144858,"minecraft:total_world_time":425533,"minecraft:interact_with_furnace":146,"tombstone:raider_killed":6,"minecraft:interact_with_cartography_table":1,"vampirism:interact_with_research_table":1,"vampirism:interact_with_garlic_diffuser":1,"minecraft:sleep_in_bed":9,"minecraft:time_since_rest":3686,"minecraft:damage_taken":14017,"minecraft:damage_absorbed":100,"minecraft:trigger_trapped_chest":2,"minecraft:damage_dealt":22118,"tombstone:cast_on_ally":0,"minecraft:swim_one_cm":281129,"minecraft:fly_one_cm":552227,"minecraft:open_chest":71,"minecraft:crouch_one_cm":32785,"tombstone:undead_killed":37,"minecraft:interact_with_smoker":6,"minecraft:fall_one_cm":98697,"minecraft:use_cauldron":1,"minecraft:inspect_dispenser":2},"minecraft:used":{"tombstone:scroll_of_unstable_intangibility":1,"minecraft:flint_and_steel":1,"minecraft:spruce_slab":4,"tombstone:scroll_of_frost_resistance":1,"born_in_chaos_v1:intoxicating_decoction":1,"minecraft:spruce_planks":1,"minecraft:shield":9,"minecraft:iron_sword":378,"minecraft:torch":60,"minecraft:dark_oak_planks":2,"tombstone:tablet_of_cupidity":2,"quark:deepslate_furnace":27,"minecraft:iron_axe":31,"minecraft:dark_oak_slab":14,"minecraft:dark_oak_boat":7,"quark:azalea_boat":1,"tombstone:gift":5,"comforts:sleeping_bag_white":2,"minecraft:potato":5,"minecraft:cobbled_deepslate":369,"minecraft:water_bucket":41,"tombstone:scroll_of_knowledge":1,"minecraft:baked_potato":139,"minecraft:golden_apple":1,"minecraft:sand":45,"justhammers:diamond_hammer":568,"minecraft:crafting_table":7,"minecraft:white_bed":1,"minecraft:smoker":1,"minecraft:bread":21,"minecraft:iron_pickaxe":162,"minecraft:oak_button":1,"tombstone:magic_scroll":3,"tombstone:grave_key":14,"minecraft:gravel":3,"securitycraft:mine":1,"minecraft:diamond_sword":196,"minecraft:cobblestone":47,"minecraft:bucket":42,"minecraft:splash_potion":1},"minecraft:crafted":{"minecraft:dark_oak_boat":1,"comforts:sleeping_bag_white":1,"sophisticatedbackpacks:anvil_upgrade":1,"sophisticatedbackpacks:crafting_upgrade":1,"quark:deepslate_furnace":8,"minecraft:diamond_helmet":2,"minecraft:diamond_leggings":1,"minecraft:iron_boots":1,"minecraft:leather":6,"justhammers:diamond_hammer":2,"minecraft:diamond_boots":1,"quark:spruce_chest":2,"minecraft:dark_oak_planks":32,"quark:azalea_boat":1,"quark:azalea_planks":8,"minecraft:diamond_sword":1,"minecraft:crafting_table":3,"minecraft:spruce_planks":24,"minecraft:iron_helmet":1,"minecraft:baked_potato":288,"minecraft:iron_sword":1,"sophisticatedbackpacks:upgrade_base":2,"minecraft:air":0,"minecraft:golden_apple":4,"minecraft:stick":40,"minecraft:iron_ingot":39,"minecraft:iron_block":6,"minecraft:gold_ingot":36,"minecraft:iron_leggings":1,"minecraft:anvil":2,"minecraft:white_bed":1,"minecraft:torch":60,"minecraft:diamond_chestplate":1},"minecraft:broken":{"minecraft:iron_sword":1}},"DataVersion":3465}