{"stats":{"minecraft:dropped":{"tombstone:grave_key":1},"minecraft:picked_up":{"tombstone:grave_key":1},"minecraft:used":{"tombstone:scroll_of_knowledge":1,"minecraft:sand":11,"tombstone:scroll_of_unstable_intangibility":1,"tombstone:scroll_of_frost_resistance":1},"minecraft:custom":{"minecraft:jump":201,"minecraft:open_chest":5,"minecraft:time_since_rest":1831,"minecraft:deaths":1,"minecraft:crouch_one_cm":81,"tombstone:cast_on_ally":0,"minecraft:sprint_one_cm":39424,"minecraft:play_time":20609,"minecraft:damage_taken":200,"minecraft:time_since_death":2529,"minecraft:walk_one_cm":30003,"minecraft:sneak_time":382,"minecraft:total_world_time":20609,"minecraft:drop":1,"minecraft:talked_to_villager":2,"minecraft:fall_one_cm":3294,"minecraft:fly_one_cm":28175,"minecraft:leave_game":1}},"DataVersion":3465}