{"stats":{"minecraft:killed":{"born_in_chaos_v1:diamond_termite":1,"grimoireofgaia:bone_knight":1,"grimoireofgaia:cecaelia":1,"minecraft:pillager":6,"grimoireofgaia:flesh_lich":1},"minecraft:killed_by":{"minecraft:pillager":1},"minecraft:mined":{"minecraft:dark_oak_planks":2,"minecraft:tuff":1,"minecraft:spruce_planks":2,"minecraft:smoker":1,"born_in_chaos_v1:infected_diamond_ore":1,"minecraft:crafting_table":3,"minecraft:granite":6,"minecraft:grass_block":3,"minecraft:jungle_planks":2,"minecraft:cobblestone":7,"minecraft:sugar_cane":14,"minecraft:spawner":1,"minecraft:fire":3,"minecraft:tnt":1,"minecraft:deepslate_iron_ore":11,"minecraft:lantern":1,"minecraft:dirt":5,"minecraft:sand":31,"minecraft:smooth_quartz":6,"minecraft:cobweb":4,"minecraft:stone":40,"minecraft:bone_block":26,"minecraft:white_wool":6,"minecraft:spruce_slab":4,"minecraft:deepslate":25},"minecraft:custom":{"minecraft:mob_kills":14,"tombstone:raider_killed":6,"minecraft:interact_with_crafting_table":13,"vampirism:interact_with_research_table":1,"minecraft:interact_with_cartography_table":1,"minecraft:open_barrel":25,"minecraft:leave_game":5,"minecraft:time_since_death":52434,"minecraft:sleep_in_bed":4,"minecraft:climb_one_cm":7074,"minecraft:time_since_rest":50035,"minecraft:sprint_one_cm":269589,"minecraft:damage_absorbed":40,"minecraft:damage_taken":6601,"minecraft:walk_one_cm":319927,"minecraft:trigger_trapped_chest":2,"minecraft:drop":52,"minecraft:damage_dealt":3937,"tombstone:cast_on_ally":0,"minecraft:swim_one_cm":149941,"minecraft:talked_to_villager":2,"minecraft:fly_one_cm":200468,"minecraft:open_chest":38,"minecraft:crouch_one_cm":2245,"minecraft:play_time":211165,"minecraft:sneak_time":2224,"tombstone:undead_killed":2,"minecraft:deaths":14,"minecraft:walk_under_water_one_cm":32324,"minecraft:boat_one_cm":98235,"minecraft:interact_with_brewingstand":1,"minecraft:jump":1484,"minecraft:total_world_time":211165,"minecraft:walk_on_water_one_cm":84311,"minecraft:interact_with_smoker":6,"minecraft:inspect_dispenser":2,"minecraft:fall_one_cm":28214,"minecraft:use_cauldron":1},"minecraft:crafted":{"minecraft:dark_oak_boat":1,"minecraft:crafting_table":1,"minecraft:iron_helmet":1,"comforts:sleeping_bag_white":1,"minecraft:baked_potato":53,"minecraft:iron_sword":1,"minecraft:air":0,"minecraft:iron_boots":1,"minecraft:stick":32,"justhammers:diamond_hammer":1,"minecraft:iron_leggings":1,"minecraft:white_bed":1,"minecraft:torch":48,"minecraft:dark_oak_planks":32},"minecraft:used":{"tombstone:scroll_of_unstable_intangibility":1,"tombstone:scroll_of_knowledge":1,"minecraft:water_bucket":9,"minecraft:flint_and_steel":1,"minecraft:spruce_slab":3,"tombstone:scroll_of_frost_resistance":1,"minecraft:baked_potato":29,"minecraft:spruce_planks":1,"minecraft:iron_sword":106,"minecraft:golden_apple":1,"minecraft:torch":22,"minecraft:sand":45,"justhammers:diamond_hammer":69,"minecraft:crafting_table":2,"minecraft:white_bed":1,"minecraft:smoker":1,"minecraft:dark_oak_planks":2,"minecraft:iron_pickaxe":126,"minecraft:bread":16,"minecraft:oak_button":1,"tombstone:magic_scroll":1,"tombstone:grave_key":13,"minecraft:gravel":3,"minecraft:cobblestone":47,"minecraft:dark_oak_boat":1,"minecraft:bucket":10,"tombstone:gift":4,"comforts:sleeping_bag_white":1,"minecraft:potato":5},"minecraft:picked_up":{"minecraft:crafting_table":2,"born_in_chaos_v1:diamond_termite_shard":2,"minecraft:smoker":1,"minecraft:potato":320,"minecraft:tuff":72,"minecraft:dirt":8,"tombstone:grave_key":1,"minecraft:lapis_lazuli":56,"minecraft:string":21,"minecraft:lantern":2,"tombstone:gift":3,"minecraft:white_carpet":2,"minecraft:purple_banner":3,"minecraft:gray_carpet":2,"minecraft:wheat_seeds":1,"minecraft:gold_nugget":3,"minecraft:cobbled_deepslate":367,"comforts:sleeping_bag_white":1,"minecraft:spruce_planks":2,"minecraft:iron_nugget":1,"minecraft:smooth_quartz":6,"minecraft:iron_pickaxe":1,"minecraft:spruce_slab":10,"minecraft:sugar_cane":36,"minecraft:iron_sword":5,"minecraft:raw_iron":20,"securitycraft:mine":1,"minecraft:torch":2,"minecraft:gravel":4,"minecraft:sand":41,"minecraft:jungle_planks":2,"tombstone:grave_dust":3,"minecraft:redstone":3,"minecraft:jungle_slab":2,"grimoireofgaia:shiny_pearl":5,"minecraft:dark_oak_planks":2,"minecraft:iron_hoe":1,"minecraft:rotten_flesh":1,"minecraft:diamond":11,"minecraft:crossbow":1,"minecraft:granite":10,"tombstone:essence_of_undeath":2,"minecraft:oak_button":1,"minecraft:coal":1,"minecraft:bone_block":28,"minecraft:white_wool":6,"minecraft:cobblestone":106},"minecraft:dropped":{"minecraft:gravel":1,"minecraft:enchanted_book":1,"minecraft:wheat_seeds":1,"minecraft:cobbled_deepslate":47,"minecraft:tuff":72,"tombstone:gift":2,"minecraft:crossbow":1,"minecraft:purple_banner":3,"minecraft:rotten_flesh":1,"minecraft:cobblestone":59,"minecraft:lantern":2,"minecraft:iron_hoe":1,"minecraft:granite":10,"minecraft:jungle_planks":2,"grimoireofgaia:shiny_pearl":5,"minecraft:stick":20,"vampirism:hunter_axe_normal":1,"minecraft:dirt":8,"minecraft:jungle_slab":2,"tombstone:grave_key":1,"minecraft:smooth_quartz":2,"tombstone:essence_of_undeath":2,"minecraft:spruce_slab":7,"minecraft:sand":7,"vampirism:garlic_bread":5}},"DataVersion":3465}