{"stats":{"minecraft:mined":{"minecraft:dark_oak_planks":2,"minecraft:tuff":1,"minecraft:spruce_planks":2,"born_in_chaos_v1:infected_diamond_ore":1,"minecraft:granite":6,"minecraft:grass_block":3,"minecraft:jungle_planks":2,"minecraft:spawner":1,"minecraft:fire":9,"minecraft:deepslate_iron_ore":11,"minecraft:lantern":1,"minecraft:stone":40,"minecraft:bone_block":26,"minecraft:white_wool":6,"minecraft:spruce_slab":4,"minecraft:smoker":1,"minecraft:crafting_table":3,"minecraft:cobblestone":7,"minecraft:sugar_cane":14,"minecraft:tnt":1,"quark:deepslate_furnace":11,"minecraft:dirt":5,"minecraft:sand":31,"minecraft:smooth_quartz":6,"minecraft:cobweb":4,"minecraft:deepslate":25},"minecraft:dropped":{"minecraft:enchanted_book":1,"minecraft:bread":8,"minecraft:wheat_seeds":1,"vampirism:human_heart":1,"minecraft:glass_bottle":1,"minecraft:crossbow":1,"minecraft:cobblestone":59,"minecraft:lantern":2,"minecraft:leather":2,"minecraft:granite":10,"minecraft:jungle_planks":2,"grimoireofgaia:shiny_pearl":5,"minecraft:stick":20,"minecraft:jungle_slab":2,"minecraft:dirt":8,"alexsmobs:roadrunner_feather":1,"tombstone:grave_key":1,"minecraft:smooth_quartz":2,"minecraft:sand":7,"vampirism:ring":2,"vampirism:garlic_bread":5,"minecraft:gravel":1,"minecraft:cobbled_deepslate":47,"alexsmobs:tarantula_hawk_wing_fragment":1,"vampirism:obi_belt":1,"minecraft:tuff":72,"minecraft:purple_banner":3,"tombstone:gift":2,"minecraft:rotten_flesh":1,"minecraft:iron_hoe":1,"vampirism:hunter_axe_normal":1,"tombstone:essence_of_undeath":2,"minecraft:spruce_slab":7},"minecraft:picked_up":{"born_in_chaos_v1:diamond_termite_shard":2,"minecraft:crafting_table":2,"alexsmobs:roadrunner_feather":1,"tombstone:grave_key":1,"minecraft:string":21,"born_in_chaos_v1:intoxicating_decoction":1,"minecraft:white_carpet":2,"minecraft:purple_banner":3,"vampirism:obi_belt":1,"minecraft:gold_nugget":3,"minecraft:cobbled_deepslate":367,"minecraft:spruce_planks":2,"comforts:sleeping_bag_white":1,"minecraft:iron_pickaxe":1,"minecraft:iron_nugget":1,"minecraft:smooth_quartz":6,"minecraft:spruce_slab":10,"minecraft:sugar_cane":36,"minecraft:raw_iron":32,"minecraft:torch":2,"quark:deepslate_furnace":11,"tombstone:grave_dust":3,"minecraft:redstone":3,"minecraft:dark_oak_planks":2,"minecraft:rotten_flesh":1,"tombstone:essence_of_undeath":2,"minecraft:white_wool":6,"minecraft:bone_block":28,"minecraft:cobblestone":106,"minecraft:leather":4,"minecraft:dark_oak_boat":2,"minecraft:smoker":1,"minecraft:potato":520,"minecraft:tuff":72,"minecraft:dirt":8,"minecraft:lapis_lazuli":56,"minecraft:lantern":2,"tombstone:gift":3,"vampirism:human_heart":1,"minecraft:gray_carpet":2,"minecraft:wheat_seeds":1,"minecraft:iron_sword":5,"securitycraft:mine":1,"vampirism:ring":2,"minecraft:gravel":4,"minecraft:jungle_planks":26,"minecraft:sand":41,"minecraft:spruce_log":17,"minecraft:dark_oak_log":1,"minecraft:jungle_slab":2,"grimoireofgaia:shiny_pearl":7,"minecraft:iron_hoe":1,"minecraft:diamond":17,"minecraft:granite":10,"minecraft:crossbow":1,"alexsmobs:tarantula_hawk_wing_fragment":1,"minecraft:oak_button":1,"minecraft:coal":20},"minecraft:killed_by":{"minecraft:pillager":1},"minecraft:killed":{"minecraft:horse":3,"grimoireofgaia:flesh_lich":1,"born_in_chaos_v1:diamond_termite":1,"grimoireofgaia:bone_knight":1,"grimoireofgaia:cecaelia":1,"vampirism:hunter":1,"minecraft:pillager":6,"minecraft:zombie":1},"minecraft:custom":{"minecraft:mob_kills":19,"minecraft:interact_with_crafting_table":14,"minecraft:open_barrel":26,"minecraft:damage_dealt_resisted":33,"minecraft:leave_game":6,"minecraft:time_since_death":0,"minecraft:climb_one_cm":11514,"minecraft:sprint_one_cm":302956,"minecraft:walk_one_cm":390654,"minecraft:drop":61,"minecraft:talked_to_villager":2,"minecraft:play_time":238296,"minecraft:deaths":16,"minecraft:sneak_time":3237,"minecraft:walk_under_water_one_cm":32497,"minecraft:boat_one_cm":136868,"minecraft:jump":1768,"minecraft:interact_with_brewingstand":1,"minecraft:walk_on_water_one_cm":90171,"minecraft:total_world_time":238296,"minecraft:interact_with_furnace":75,"tombstone:raider_killed":6,"minecraft:interact_with_cartography_table":1,"vampirism:interact_with_research_table":1,"vampirism:interact_with_garlic_diffuser":1,"minecraft:sleep_in_bed":5,"minecraft:time_since_rest":0,"minecraft:damage_taken":7315,"minecraft:damage_absorbed":40,"minecraft:trigger_trapped_chest":2,"minecraft:damage_dealt":5127,"tombstone:cast_on_ally":0,"minecraft:swim_one_cm":150252,"minecraft:fly_one_cm":238537,"minecraft:open_chest":42,"minecraft:crouch_one_cm":4084,"tombstone:undead_killed":3,"minecraft:interact_with_smoker":6,"minecraft:use_cauldron":1,"minecraft:fall_one_cm":36043,"minecraft:inspect_dispenser":2},"minecraft:used":{"tombstone:scroll_of_unstable_intangibility":1,"minecraft:flint_and_steel":1,"minecraft:spruce_slab":3,"tombstone:scroll_of_frost_resistance":1,"born_in_chaos_v1:intoxicating_decoction":1,"minecraft:spruce_planks":1,"minecraft:iron_sword":131,"minecraft:torch":22,"minecraft:dark_oak_planks":2,"quark:deepslate_furnace":19,"minecraft:dark_oak_boat":2,"tombstone:gift":4,"comforts:sleeping_bag_white":1,"minecraft:potato":5,"minecraft:water_bucket":10,"tombstone:scroll_of_knowledge":1,"minecraft:baked_potato":31,"minecraft:golden_apple":1,"minecraft:sand":45,"minecraft:crafting_table":3,"justhammers:diamond_hammer":69,"minecraft:white_bed":1,"minecraft:smoker":1,"minecraft:bread":21,"minecraft:oak_button":1,"minecraft:iron_pickaxe":137,"tombstone:magic_scroll":1,"tombstone:grave_key":13,"minecraft:gravel":3,"securitycraft:mine":1,"minecraft:cobblestone":47,"minecraft:bucket":11},"minecraft:crafted":{"minecraft:dark_oak_boat":1,"comforts:sleeping_bag_white":1,"quark:deepslate_furnace":8,"minecraft:iron_boots":1,"justhammers:diamond_hammer":1,"minecraft:dark_oak_planks":32,"minecraft:crafting_table":1,"minecraft:baked_potato":172,"minecraft:iron_helmet":1,"minecraft:iron_sword":1,"minecraft:air":0,"minecraft:stick":32,"minecraft:iron_leggings":1,"minecraft:white_bed":1,"minecraft:torch":48}},"DataVersion":3465}