{"stats":{"minecraft:killed":{"born_in_chaos_v1:zombie_clown":1,"alexsmobs:rattlesnake":1,"born_in_chaos_v1:zombie_bruiser":2,"born_in_chaos_v1:maggot":3,"minecraft:skeleton":1,"grimoireofgaia:creep":1,"artifacts:mimic":1,"minecraft:husk":1,"grimoireofgaia:bone_knight":3,"minecraft:creeper":1,"born_in_chaos_v1:decrepit_skeleton":1,"minecraft:zombie":2,"born_in_chaos_v1:corpse_fly":13,"alexsmobs:roadrunner":2},"minecraft:mined":{"minecraft:deepslate_diamond_ore":4,"minecraft:granite":19,"minecraft:jungle_log":62,"minecraft:moss_block":1,"minecraft:iron_ore":32,"minecraft:cobbled_deepslate":2,"vampirism:tent":2,"minecraft:gold_block":2,"minecraft:deepslate_iron_ore":10,"minecraft:stone":11,"minecraft:blackstone":22,"vampirism:tent_main":1,"minecraft:crafting_table":2,"minecraft:torch":4,"minecraft:wall_torch":2,"minecraft:yellow_bed":3,"quark:birch_chest":4,"minecraft:coal_ore":23,"vampirism:fire_place":3,"minecraft:gravel":26,"minecraft:sand":6,"minecraft:deepslate":16},"minecraft:custom":{"minecraft:mob_kills":33,"minecraft:interact_with_anvil":1,"minecraft:interact_with_crafting_table":15,"minecraft:open_barrel":6,"minecraft:damage_dealt_resisted":70,"minecraft:eat_cake_slice":7,"minecraft:time_since_death":13889,"minecraft:climb_one_cm":1178,"minecraft:sprint_one_cm":271746,"minecraft:walk_one_cm":237660,"minecraft:drop":94,"minecraft:damage_dealt_absorbed":80,"minecraft:play_time":103809,"minecraft:deaths":9,"minecraft:sneak_time":1886,"minecraft:walk_under_water_one_cm":3647,"minecraft:jump":1740,"minecraft:walk_on_water_one_cm":6868,"minecraft:total_world_time":103809,"minecraft:interact_with_furnace":8,"minecraft:sleep_in_bed":2,"minecraft:time_since_rest":12715,"minecraft:damage_taken":2708,"minecraft:damage_dealt":7871,"minecraft:swim_one_cm":5428,"minecraft:fly_one_cm":359645,"minecraft:open_chest":9,"minecraft:crouch_one_cm":5588,"tombstone:undead_killed":11,"minecraft:fall_one_cm":36672},"minecraft:crafted":{"minecraft:diamond_helmet":1,"minecraft:diamond_leggings":1,"minecraft:stone_pickaxe":1,"justhammers:diamond_hammer":2,"minecraft:diamond_boots":1,"minecraft:diamond_sword":1,"minecraft:crafting_table":3,"minecraft:wooden_pickaxe":1,"minecraft:bucket":1,"minecraft:stone_axe":1,"minecraft:jungle_planks":52,"justhammers:iron_hammer":1,"minecraft:shield":1,"minecraft:stick":20,"minecraft:iron_ingot":18,"minecraft:wooden_axe":1,"minecraft:torch":56,"minecraft:diamond_chestplate":1},"minecraft:used":{"quark:birch_chest":4,"minecraft:iron_shovel":21,"born_in_chaos_v1:ethereal_spirit":2,"minecraft:rotten_flesh":15,"tombstone:scroll_of_purification":6,"minecraft:iron_chestplate":1,"minecraft:torch":73,"minecraft:jungle_planks":3,"minecraft:carrot":2,"minecraft:granite":11,"born_in_chaos_v1:corpse_maggot":11,"minecraft:wooden_axe":64,"tombstone:gift":2,"minecraft:cobbled_deepslate":7,"vampirism:fire_place":1,"minecraft:stone_pickaxe":103,"minecraft:oak_planks":1,"minecraft:blackstone":46,"minecraft:wooden_pickaxe":6,"minecraft:sand":6,"minecraft:crafting_table":5,"justhammers:diamond_hammer":328,"minecraft:red_bed":1,"justhammers:iron_hammer":87,"minecraft:apple":1,"minecraft:bread":1,"minecraft:iron_pickaxe":23,"minecraft:stone_axe":64,"minecraft:diamond_sword":51,"minecraft:cobblestone":5,"minecraft:bucket":1,"minecraft:yellow_bed":2},"minecraft:broken":{"minecraft:wooden_axe":1},"minecraft:picked_up":{"minecraft:crafting_table":2,"minecraft:iron_chestplate":2,"artifacts:night_vision_goggles":1,"minecraft:wooden_pickaxe":1,"minecraft:gold_block":2,"minecraft:string":5,"minecraft:moss_carpet":1,"minecraft:blackstone":1158,"vampirism:obi_belt":1,"minecraft:gold_nugget":3,"minecraft:cobbled_deepslate":726,"minecraft:azalea":8,"minecraft:iron_nugget":1,"minecraft:iron_boots":1,"minecraft:raw_iron":45,"minecraft:stick":21,"minecraft:oak_fence":2,"minecraft:torch":6,"quark:birch_chest":4,"minecraft:carrot":1,"minecraft:redstone":39,"tombstone:scroll_of_purification":1,"vampirism:blood_bottle":1,"minecraft:rotten_flesh":17,"minecraft:beetroot_seeds":2,"minecraft:cobblestone":11,"born_in_chaos_v1:corpse_maggot":16,"minecraft:feather":2,"vampirism:item_tent":3,"artifacts:digging_claws":1,"minecraft:jungle_log":57,"minecraft:tuff":63,"minecraft:yellow_bed":2,"minecraft:gunpowder":4,"minecraft:lapis_lazuli":20,"quark:forgotten_hat":1,"minecraft:bone":10,"minecraft:apple":1,"minecraft:iron_ingot":1,"minecraft:moss_block":1,"minecraft:flowering_azalea":3,"minecraft:oak_planks":3,"vampirism:fire_place":5,"born_in_chaos_v1:ethereal_spirit":1,"minecraft:sand":6,"minecraft:jungle_planks":17,"vampirism:hunter_axe_ultimate":1,"justhammers:diamond_hammer":1,"minecraft:spider_eye":6,"minecraft:diamond":34,"artifacts:golden_hook":1,"minecraft:stone_axe":1,"minecraft:iron_helmet":2,"alexsmobs:rattlesnake_rattle":1,"minecraft:granite":19,"minecraft:golden_horse_armor":3,"minecraft:coal":24},"minecraft:dropped":{"minecraft:bread":2,"justhammers:diamond_hammer":1,"minecraft:moss_block":1,"minecraft:golden_horse_armor":1,"minecraft:oak_fence":2,"minecraft:iron_helmet":2,"minecraft:feather":2,"minecraft:granite":8,"minecraft:jungle_planks":34,"vampirism:item_tent":3,"artifacts:night_vision_goggles":1,"tombstone:grave_dust":1,"minecraft:gold_nugget":3,"minecraft:flowering_azalea":3,"minecraft:string":6,"artifacts:digging_claws":1,"minecraft:moss_carpet":1,"minecraft:stone_axe":2,"minecraft:blackstone":928,"vampirism:fire_place":4,"minecraft:iron_nugget":1,"minecraft:cobbled_deepslate":720,"vampirism:obi_belt":1,"minecraft:tuff":64,"minecraft:rotten_flesh":10,"minecraft:iron_boots":1,"justhammers:iron_hammer":1,"minecraft:iron_chestplate":2,"minecraft:beetroot_seeds":4,"minecraft:jungle_log":12,"minecraft:azalea":8,"minecraft:spider_eye":6,"minecraft:wooden_pickaxe":2}},"DataVersion":3465}