{"stats":{"minecraft:dropped":{"alexsmobs:animal_dictionary":1},"minecraft:custom":{"minecraft:jump":135,"minecraft:time_since_rest":9833,"minecraft:crouch_one_cm":17,"minecraft:walk_on_water_one_cm":8,"minecraft:leave_game":3,"minecraft:play_time":9833,"minecraft:sprint_one_cm":11658,"minecraft:damage_taken":200,"minecraft:time_since_death":9833,"minecraft:walk_one_cm":10128,"minecraft:sneak_time":96,"minecraft:total_world_time":9833,"minecraft:drop":1,"minecraft:fall_one_cm":6273,"minecraft:fly_one_cm":29876}},"DataVersion":3465}