{"stats":{"minecraft:mined":{"minecraft:dark_oak_planks":4,"securitycraft:mine":1,"minecraft:tuff":4,"minecraft:spruce_planks":3,"quark:azalea_log":3,"minecraft:deepslate_diamond_ore":33,"minecraft:black_terracotta":3,"minecraft:jungle_slab":3,"minecraft:jungle_leaves":2,"minecraft:grass_block":2,"minecraft:jungle_planks":6,"minecraft:oak_pressure_plate":1,"minecraft:coal_block":5,"minecraft:moss_block":1,"minecraft:sandstone":10,"minecraft:spawner":3,"minecraft:hay_block":14,"minecraft:cobbled_deepslate":2,"minecraft:fire":3,"minecraft:gold_block":2,"minecraft:dark_oak_stairs":1,"minecraft:potatoes":2,"minecraft:oak_stairs":1,"minecraft:iron_bars":2,"minecraft:stone":57,"minecraft:bone_block":134,"minecraft:white_wool":3,"minecraft:spruce_slab":1,"minecraft:blackstone":1,"minecraft:crafting_table":1,"born_in_chaos_v1:infected_deepslate_diamond_ore":2,"minecraft:torch":1,"minecraft:chest":1,"minecraft:dead_bush":3,"minecraft:stone_slab":1,"minecraft:cobblestone":11,"minecraft:oak_planks":1,"minecraft:blue_bed":1,"minecraft:wall_torch":2,"minecraft:amethyst_block":1,"minecraft:white_terracotta":1,"minecraft:coarse_dirt":1,"minecraft:dark_oak_slab":2,"minecraft:spruce_log":4,"quark:deepslate_furnace":6,"minecraft:oak_log":1,"minecraft:grass":11,"minecraft:coal_ore":110,"quark:monster_box":1,"minecraft:dirt":2,"minecraft:gravel":5,"minecraft:sand":11,"minecraft:smooth_quartz":1,"minecraft:crimson_planks":1,"minecraft:cobweb":12,"minecraft:dispenser":1,"minecraft:fern":3,"minecraft:oak_leaves":3,"minecraft:deepslate":92},"minecraft:dropped":{"minecraft:crimson_planks":2,"minecraft:iron_sword":1,"minecraft:baked_potato":26,"quark:deepslate_furnace":6,"minecraft:diamond":4,"minecraft:crafting_table":1,"minecraft:feather":9,"minecraft:cobblestone":11,"minecraft:jungle_planks":2,"grimoireofgaia:shiny_pearl":2,"vampirism:hunter_coat_feet_ultimate":1,"minecraft:emerald":3,"minecraft:stick":2,"minecraft:dirt":3,"minecraft:jungle_slab":1,"minecraft:torch":1,"minecraft:diamond_helmet":1,"tombstone:grave_dust":1,"alexscaves:cave_map":1,"minecraft:bone_meal":2,"minecraft:bone_block":2,"minecraft:dark_oak_planks":1,"minecraft:coarse_dirt":1,"alexsmobs:animal_dictionary":1,"tombstone:gift":1,"minecraft:potato":512,"minecraft:cobblestone_slab":2,"sophisticatedbackpacks:anvil_upgrade":1,"minecraft:diamond_pickaxe":1,"vampirism:basic_double_crossbow":2,"born_in_chaos_v1:diamond_termite_shard":2,"minecraft:spruce_wood":7,"minecraft:spider_eye":1},"minecraft:picked_up":{"minecraft:iron_chestplate":1,"minecraft:coarse_dirt":1,"born_in_chaos_v1:diamond_termite_shard":2,"minecraft:crafting_table":4,"minecraft:stone_slab":1,"minecraft:lead":1,"minecraft:oak_stairs":1,"minecraft:gold_block":2,"quark:azalea_log":3,"minecraft:crimson_planks":2,"minecraft:amethyst_block":1,"minecraft:string":13,"quark:azalea_planks":3,"minecraft:item_frame":1,"minecraft:purple_banner":2,"minecraft:oak_sign":1,"vampirism:obi_belt":1,"comforts:sleeping_bag_white":1,"minecraft:cobbled_deepslate":253,"minecraft:spruce_planks":3,"vampirism:garlic_bread":5,"minecraft:cobblestone_slab":2,"minecraft:smooth_quartz":1,"minecraft:spruce_slab":3,"minecraft:coal_block":5,"minecraft:chest":1,"minecraft:iron_boots":1,"minecraft:stick":27,"minecraft:raw_iron":5,"minecraft:sandstone":10,"minecraft:torch":3,"quark:deepslate_furnace":6,"tombstone:grave_dust":3,"minecraft:dark_oak_planks":4,"minecraft:tnt":3,"minecraft:arrow":17,"minecraft:rotten_flesh":15,"vampirism:hunter_coat_feet_ultimate":1,"minecraft:hay_block":14,"minecraft:cobblestone":89,"minecraft:cod":4,"minecraft:bone_block":216,"minecraft:white_wool":3,"minecraft:feather":18,"minecraft:cooked_beef":1,"sophisticatedbackpacks:anvil_upgrade":1,"minecraft:leather":5,"minecraft:dark_oak_boat":1,"minecraft:potato":796,"minecraft:tuff":80,"minecraft:oak_log":1,"minecraft:dirt":4,"minecraft:blue_bed":1,"minecraft:white_banner":1,"minecraft:bone":23,"minecraft:diamond_helmet":2,"minecraft:iron_sword":1,"minecraft:oak_planks":1,"minecraft:dark_oak_stairs":1,"minecraft:book":3,"minecraft:black_terracotta":15,"minecraft:dark_oak_slab":8,"vampirism:basic_double_crossbow":2,"minecraft:oak_pressure_plate":1,"minecraft:poisonous_potato":4,"minecraft:jungle_planks":9,"minecraft:sand":9,"minecraft:spruce_log":4,"grimoireofgaia:shiny_pearl":2,"minecraft:jungle_slab":3,"minecraft:spider_eye":2,"minecraft:bundle":2,"minecraft:iron_hoe":1,"minecraft:dispenser":1,"minecraft:diamond":41,"minecraft:chainmail_leggings":2,"minecraft:crossbow":2,"minecraft:bone_meal":21,"alexscaves:cave_map":1,"minecraft:baked_potato":26,"tombstone:magic_scroll":1,"minecraft:coal":110,"minecraft:ender_pearl":1},"minecraft:killed_by":{"minecraft:vindicator":1},"minecraft:killed":{"born_in_chaos_v1:zombie_clown":1,"vampirism:vampire":1,"minecraft:cave_spider":2,"minecraft:witch":1,"born_in_chaos_v1:zombie_lumberjack":1,"minecraft:spider":2,"minecraft:vindicator":1,"born_in_chaos_v1:siamese_skeletonsright":1,"born_in_chaos_v1:maggot":3,"grimoireofgaia:ender_eye":1,"minecraft:skeleton":8,"born_in_chaos_v1:corpse_fish":1,"grimoireofgaia:mandragora":1,"grimoireofgaia:flesh_lich":1,"minecraft:husk":2,"laendli_transport:slabcrab":3,"minecraft:zombie_villager":1,"born_in_chaos_v1:diamond_termite":3,"born_in_chaos_v1:baby_skeleton":1,"minecraft:bat":2,"laendli_transport:crab":5,"minecraft:pillager":14,"born_in_chaos_v1:decaying_zombie":1,"minecraft:zombie":16,"born_in_chaos_v1:dread_hound":1,"alexsmobs:fly":1,"born_in_chaos_v1:siamese_skeletonsleft":1},"minecraft:used":{"minecraft:flint_and_steel":5,"minecraft:bone_block":36,"minecraft:iron_sword":313,"minecraft:cooked_chicken":1,"minecraft:rotten_flesh":4,"minecraft:torch":70,"minecraft:dirt":1,"minecraft:carrot":14,"minecraft:jungle_slab":1,"minecraft:tuff":27,"minecraft:purple_banner":1,"minecraft:dark_oak_planks":23,"minecraft:iron_hoe":1,"minecraft:oak_stairs":1,"minecraft:dark_oak_slab":1,"minecraft:smooth_quartz":1,"securitycraft:sand_mine":1,"minecraft:dark_oak_boat":1,"tombstone:gift":1,"comforts:sleeping_bag_white":1,"quark:azalea_boat":1,"minecraft:cooked_beef":6,"minecraft:potato":52,"minecraft:cobbled_deepslate":218,"minecraft:cooked_mutton":1,"tombstone:scroll_of_knowledge":1,"minecraft:baked_potato":233,"minecraft:sandstone":10,"minecraft:blue_bed":1,"minecraft:jungle_boat":1,"minecraft:golden_apple":2,"minecraft:sand":8,"quark:azalea_planks":2,"minecraft:tnt":1,"minecraft:crafting_table":10,"securitycraft:furnace_mine":2,"minecraft:diamond_pickaxe":382,"minecraft:apple":1,"minecraft:iron_pickaxe":228,"minecraft:bread":43,"tombstone:magic_scroll":1,"tombstone:grave_key":1,"securitycraft:mine":3,"minecraft:diamond_sword":268,"minecraft:cobblestone":53,"minecraft:cooked_porkchop":2,"minecraft:bone_meal":531,"minecraft:experience_bottle":2},"minecraft:custom":{"minecraft:mob_kills":76,"minecraft:interact_with_crafting_table":26,"minecraft:open_barrel":74,"minecraft:damage_dealt_resisted":177,"minecraft:leave_game":10,"minecraft:time_since_death":45870,"minecraft:climb_one_cm":18494,"minecraft:sprint_one_cm":704836,"minecraft:walk_one_cm":758027,"minecraft:drop":64,"minecraft:play_time":364143,"minecraft:deaths":17,"minecraft:sneak_time":2856,"minecraft:walk_under_water_one_cm":81629,"minecraft:boat_one_cm":1214609,"minecraft:jump":4717,"minecraft:walk_on_water_one_cm":75935,"minecraft:total_world_time":364143,"minecraft:interact_with_furnace":38,"tombstone:raider_killed":16,"vampirism:interact_with_research_table":1,"minecraft:interact_with_cartography_table":2,"vampirism:interact_with_garlic_diffuser":2,"minecraft:interact_with_loom":1,"minecraft:sleep_in_bed":5,"minecraft:time_since_rest":1669,"minecraft:damage_absorbed":40,"minecraft:damage_taken":21713,"minecraft:trigger_trapped_chest":2,"minecraft:damage_dealt":20096,"minecraft:swim_one_cm":332835,"minecraft:fly_one_cm":775548,"minecraft:open_chest":70,"minecraft:crouch_one_cm":12047,"tombstone:undead_killed":34,"minecraft:interact_with_smoker":9,"minecraft:fall_one_cm":144141},"minecraft:crafted":{"securitycraft:mine":6,"minecraft:coal":45,"securitycraft:furnace_mine":2,"comforts:sleeping_bag_white":1,"minecraft:furnace":2,"minecraft:bone_meal":512,"sophisticatedbackpacks:crafting_upgrade":1,"quark:deepslate_furnace":1,"alexscaves:cave_map":1,"minecraft:diamond_helmet":2,"minecraft:diamond_leggings":2,"minecraft:diamond_boots":2,"quark:spruce_chest":2,"minecraft:dark_oak_planks":24,"sophisticatedbackpacks:iron_backpack":1,"minecraft:wheat":63,"quark:azalea_boat":1,"quark:azalea_planks":12,"minecraft:diamond_sword":1,"sophisticatedbackpacks:backpack":1,"securitycraft:sand_mine":1,"minecraft:crafting_table":8,"minecraft:spruce_planks":36,"minecraft:jungle_boat":1,"minecraft:baked_potato":275,"minecraft:iron_sword":1,"sophisticatedbackpacks:upgrade_base":1,"minecraft:bread":23,"minecraft:iron_chestplate":1,"minecraft:diamond_pickaxe":1,"minecraft:golden_apple":2,"minecraft:iron_pickaxe":1,"minecraft:iron_leggings":1,"minecraft:gold_ingot":72,"minecraft:torch":68,"minecraft:diamond_chestplate":2},"minecraft:broken":{"minecraft:diamond_helmet":1,"minecraft:iron_boots":1,"minecraft:iron_leggings":1,"minecraft:diamond_boots":1,"minecraft:iron_sword":1,"minecraft:iron_helmet":1}},"DataVersion":3465}