{"stats":{"minecraft:crafted":{"securitycraft:mine":6,"minecraft:oak_planks":28,"laendli_transport:empty_catridge":15,"minecraft:lightning_rod":1,"sophisticatedbackpacks:crafting_upgrade":1,"minecraft:lever":1,"quark:deepslate_furnace":2,"securitycraft:laser_block":1,"sophisticatedbackpacks:smelting_upgrade":1,"minecraft:hopper":3,"minecraft:repeater":1,"minecraft:diamond_helmet":2,"minecraft:diamond_leggings":2,"laendli_transport:gun_part_lock":1,"quark:azalea_boat":1,"quark:azalea_planks":12,"sophisticatedbackpacks:backpack":1,"securitycraft:sand_mine":1,"minecraft:diamond_axe":1,"minecraft:crafting_table":8,"minecraft:spruce_planks":36,"minecraft:jungle_boat":1,"minecraft:baked_potato":275,"sophisticatedbackpacks:upgrade_base":2,"laendli_transport:gun_part_barrel":3,"minecraft:iron_chestplate":1,"minecraft:diamond_pickaxe":1,"minecraft:stick":12,"quark:oak_chest":2,"sophisticatedbackpacks:auto_smelting_upgrade":1,"minecraft:iron_pickaxe":1,"minecraft:gold_ingot":72,"minecraft:redstone_torch":1,"securitycraft:furnace_mine":2,"minecraft:coal":45,"minecraft:iron_nugget":63,"comforts:sleeping_bag_white":1,"minecraft:furnace":3,"minecraft:piston":1,"minecraft:bone_meal":512,"alexscaves:cave_map":1,"minecraft:glass_pane":16,"minecraft:diamond_boots":2,"minecraft:redstone_block":1,"quark:spruce_chest":2,"minecraft:dark_oak_planks":24,"minecraft:wheat":63,"sophisticatedbackpacks:iron_backpack":1,"minecraft:diamond_sword":1,"minecraft:iron_trapdoor":2,"minecraft:iron_sword":1,"laendli_transport:carbine":1,"minecraft:bread":23,"minecraft:golden_apple":2,"laendli_transport:ammunitin_rifle":4,"minecraft:iron_leggings":1,"laendli_transport:ammunition_shotgun":12,"minecraft:torch":68,"minecraft:diamond_chestplate":2},"minecraft:mined":{"minecraft:dark_oak_planks":4,"securitycraft:mine":1,"minecraft:spruce_planks":3,"quark:azalea_log":3,"minecraft:black_terracotta":3,"minecraft:jungle_slab":3,"minecraft:jungle_leaves":2,"minecraft:grass_block":3,"minecraft:oak_pressure_plate":1,"minecraft:coal_block":5,"minecraft:spawner":3,"minecraft:iron_ore":28,"minecraft:cobbled_deepslate":2,"minecraft:fire":3,"minecraft:dark_oak_stairs":1,"minecraft:oak_stairs":1,"minecraft:iron_bars":2,"minecraft:spruce_slab":1,"minecraft:blackstone":1,"born_in_chaos_v1:infected_deepslate_diamond_ore":2,"minecraft:torch":1,"minecraft:chest":1,"minecraft:dead_bush":3,"minecraft:cobblestone":16,"minecraft:oak_planks":1,"minecraft:wall_torch":2,"minecraft:amethyst_block":1,"minecraft:white_terracotta":1,"minecraft:dark_oak_slab":2,"minecraft:grass":16,"minecraft:oak_log":17,"minecraft:dirt":2,"minecraft:sand":19,"minecraft:smooth_quartz":1,"minecraft:crimson_planks":1,"minecraft:dispenser":1,"minecraft:oak_leaves":15,"minecraft:deepslate":92,"minecraft:tuff":5,"minecraft:deepslate_diamond_ore":33,"minecraft:jungle_planks":6,"minecraft:spruce_leaves":2,"minecraft:moss_block":1,"minecraft:sandstone":10,"minecraft:hay_block":78,"minecraft:gold_block":2,"minecraft:potatoes":2,"minecraft:stone":82,"minecraft:bone_block":134,"minecraft:white_wool":3,"minecraft:crafting_table":1,"minecraft:stone_slab":1,"minecraft:tall_grass":14,"minecraft:copper_ore":45,"minecraft:blue_bed":1,"minecraft:coarse_dirt":3,"minecraft:spruce_log":44,"minecraft:birch_leaves":1,"quark:deepslate_furnace":6,"minecraft:coal_ore":141,"quark:monster_box":1,"minecraft:gravel":5,"minecraft:cobweb":13,"minecraft:fern":3},"minecraft:killed":{"born_in_chaos_v1:zombie_clown":1,"vampirism:vampire":1,"minecraft:cave_spider":2,"minecraft:witch":3,"born_in_chaos_v1:zombie_lumberjack":1,"minecraft:spider":2,"born_in_chaos_v1:siamese_skeletonsright":1,"alexsmobs:froststalker":1,"minecraft:skeleton":8,"grimoireofgaia:mandragora":1,"grimoireofgaia:flesh_lich":1,"minecraft:zombie_villager":1,"born_in_chaos_v1:diamond_termite":3,"laendli_transport:crab":5,"minecraft:pillager":15,"minecraft:zombie":16,"born_in_chaos_v1:dread_hound":1,"alexsmobs:fly":1,"born_in_chaos_v1:siamese_skeletonsleft":1,"minecraft:vindicator":3,"born_in_chaos_v1:maggot":3,"grimoireofgaia:ender_eye":1,"born_in_chaos_v1:corpse_fish":1,"grimoireofgaia:dullahan":1,"minecraft:husk":2,"laendli_transport:slabcrab":3,"born_in_chaos_v1:baby_skeleton":1,"minecraft:bat":2,"born_in_chaos_v1:decaying_zombie":1},"minecraft:dropped":{"minecraft:iron_sword":1,"minecraft:baked_potato":26,"quark:deepslate_furnace":7,"minecraft:diamond":4,"minecraft:crafting_table":1,"minecraft:jungle_planks":2,"vampirism:hunter_coat_feet_ultimate":2,"minecraft:emerald":3,"minecraft:dirt":3,"alexscaves:cave_map":1,"minecraft:bone_meal":2,"minecraft:bone_block":2,"minecraft:sugar":2,"minecraft:dark_oak_planks":1,"alexsmobs:animal_dictionary":1,"minecraft:cobbled_deepslate":2,"tombstone:gift":1,"laendli_transport:ammunition_shotgun":72,"minecraft:glowstone_dust":2,"sophisticatedbackpacks:anvil_upgrade":1,"vampirism:basic_double_crossbow":2,"born_in_chaos_v1:diamond_termite_shard":2,"minecraft:spruce_wood":7,"minecraft:crimson_planks":2,"minecraft:wheat_seeds":1,"minecraft:diamond_leggings":1,"minecraft:feather":9,"minecraft:cobblestone":11,"minecraft:book":3,"grimoireofgaia:shiny_pearl":2,"minecraft:stick":2,"minecraft:jungle_slab":1,"minecraft:torch":1,"minecraft:diamond_helmet":2,"tombstone:grave_dust":1,"minecraft:white_banner":2,"minecraft:redstone":1,"minecraft:coarse_dirt":1,"minecraft:potato":512,"minecraft:cobblestone_slab":2,"minecraft:diamond_chestplate":1,"minecraft:diamond_pickaxe":1,"minecraft:oak_sapling":3,"minecraft:spider_eye":1},"minecraft:custom":{"minecraft:interact_with_crafting_table":26,"minecraft:open_barrel":74,"minecraft:leave_game":14,"minecraft:time_since_death":31120,"minecraft:sprint_one_cm":890038,"vampirism:interact_with_totem":1,"minecraft:drop":84,"minecraft:play_time":452101,"minecraft:deaths":20,"minecraft:jump":5878,"minecraft:walk_on_water_one_cm":91920,"minecraft:interact_with_furnace":38,"minecraft:interact_with_cartography_table":2,"vampirism:interact_with_research_table":1,"minecraft:interact_with_loom":1,"minecraft:sleep_in_bed":9,"minecraft:damage_dealt":23642,"minecraft:crouch_one_cm":12552,"tombstone:undead_killed":34,"minecraft:interact_with_smoker":9,"minecraft:mob_kills":83,"minecraft:damage_dealt_resisted":177,"minecraft:climb_one_cm":18739,"minecraft:walk_one_cm":870793,"minecraft:raid_win":1,"minecraft:sneak_time":3171,"minecraft:walk_under_water_one_cm":103132,"minecraft:boat_one_cm":1214609,"minecraft:total_world_time":452101,"tombstone:raider_killed":21,"vampirism:interact_with_garlic_diffuser":2,"minecraft:time_since_rest":29958,"minecraft:damage_taken":24992,"minecraft:damage_absorbed":40,"minecraft:trigger_trapped_chest":2,"minecraft:swim_one_cm":362028,"minecraft:fly_one_cm":1015377,"minecraft:open_chest":85,"minecraft:fall_one_cm":188310},"minecraft:killed_by":{"minecraft:vindicator":1},"minecraft:broken":{"minecraft:diamond_helmet":1,"minecraft:iron_boots":1,"minecraft:iron_leggings":1,"minecraft:diamond_boots":1,"minecraft:iron_sword":1,"minecraft:iron_helmet":1},"minecraft:used":{"minecraft:bone_block":36,"minecraft:iron_sword":313,"minecraft:rotten_flesh":4,"minecraft:carrot":14,"minecraft:jungle_slab":1,"minecraft:tuff":81,"minecraft:dark_oak_slab":1,"minecraft:dark_oak_boat":1,"minecraft:potato":52,"minecraft:sandstone":10,"minecraft:blue_bed":1,"minecraft:diamond_axe":66,"minecraft:jungle_boat":1,"minecraft:golden_apple":2,"minecraft:sand":8,"quark:azalea_planks":2,"minecraft:bread":48,"tombstone:grave_key":6,"securitycraft:mine":3,"minecraft:diamond_sword":359,"minecraft:coarse_dirt":1,"minecraft:bone_meal":531,"minecraft:experience_bottle":2,"minecraft:flint_and_steel":5,"minecraft:cooked_chicken":1,"minecraft:torch":70,"minecraft:dirt":2,"minecraft:purple_banner":1,"minecraft:iron_hoe":1,"minecraft:dark_oak_planks":23,"minecraft:oak_stairs":1,"minecraft:smooth_quartz":1,"securitycraft:sand_mine":1,"tombstone:gift":1,"comforts:sleeping_bag_white":5,"minecraft:cooked_beef":10,"quark:azalea_boat":1,"minecraft:cobbled_deepslate":241,"minecraft:cooked_mutton":1,"tombstone:scroll_of_knowledge":1,"minecraft:iron_ore":28,"minecraft:baked_potato":269,"minecraft:tnt":1,"minecraft:crafting_table":10,"securitycraft:furnace_mine":2,"minecraft:diamond_pickaxe":521,"minecraft:apple":1,"minecraft:iron_pickaxe":228,"tombstone:magic_scroll":1,"minecraft:cobblestone":53,"minecraft:cooked_porkchop":2,"quark:oak_chest":2},"minecraft:picked_up":{"minecraft:iron_chestplate":1,"minecraft:stone_slab":1,"minecraft:lead":1,"alexscaves:cave_tablet":1,"minecraft:oak_stairs":1,"quark:azalea_log":3,"minecraft:crimson_planks":2,"minecraft:amethyst_block":1,"minecraft:string":15,"quark:azalea_planks":3,"minecraft:raw_copper":361,"minecraft:purple_banner":2,"minecraft:oak_sign":1,"vampirism:obi_belt":1,"minecraft:cobbled_deepslate":255,"comforts:sleeping_bag_white":5,"minecraft:spruce_planks":3,"vampirism:garlic_bread":5,"minecraft:cobblestone_slab":2,"minecraft:smooth_quartz":1,"minecraft:coal_block":5,"minecraft:iron_boots":1,"minecraft:stick":34,"minecraft:torch":3,"tombstone:grave_dust":3,"minecraft:rotten_flesh":15,"vampirism:hunter_coat_feet_ultimate":1,"minecraft:cod":4,"minecraft:cobblestone":119,"minecraft:cooked_beef":1,"minecraft:feather":18,"sophisticatedbackpacks:anvil_upgrade":1,"minecraft:dark_oak_boat":1,"minecraft:potato":796,"minecraft:tuff":80,"minecraft:dirt":5,"minecraft:bone":25,"minecraft:wheat_seeds":1,"minecraft:diamond_helmet":3,"minecraft:glowstone_dust":4,"minecraft:oak_planks":1,"minecraft:black_terracotta":15,"minecraft:oak_pressure_plate":1,"minecraft:poisonous_potato":4,"minecraft:jungle_planks":9,"minecraft:sand":16,"minecraft:jungle_slab":3,"grimoireofgaia:shiny_pearl":2,"minecraft:iron_hoe":1,"minecraft:bundle":2,"minecraft:dispenser":1,"minecraft:sugar":2,"minecraft:diamond":41,"minecraft:crossbow":2,"minecraft:bone_meal":21,"minecraft:emerald":3,"minecraft:oak_sapling":3,"born_in_chaos_v1:diamond_termite_shard":2,"minecraft:crafting_table":4,"minecraft:coarse_dirt":2,"minecraft:gold_block":2,"minecraft:item_frame":1,"minecraft:spruce_slab":3,"minecraft:chest":1,"minecraft:sandstone":10,"minecraft:raw_iron":120,"quark:deepslate_furnace":6,"minecraft:redstone":2,"minecraft:dark_oak_planks":4,"minecraft:tnt":3,"minecraft:arrow":18,"minecraft:hay_block":78,"minecraft:totem_of_undying":4,"minecraft:saddle":1,"minecraft:bone_block":216,"minecraft:white_wool":3,"minecraft:leather":6,"minecraft:oak_log":18,"minecraft:blue_bed":1,"minecraft:white_banner":3,"minecraft:iron_ingot":33,"minecraft:iron_sword":1,"minecraft:dark_oak_stairs":1,"minecraft:book":3,"minecraft:dark_oak_slab":8,"vampirism:basic_double_crossbow":2,"minecraft:spruce_sapling":5,"minecraft:spruce_log":42,"minecraft:spider_eye":2,"minecraft:chainmail_leggings":2,"alexscaves:cave_map":1,"minecraft:baked_potato":26,"tombstone:magic_scroll":1,"minecraft:coal":183,"minecraft:ender_pearl":1}},"DataVersion":3465}