{"stats":{"minecraft:killed":{"born_in_chaos_v1:zombie_clown":1,"minecraft:cave_spider":2,"minecraft:vindicator":1,"born_in_chaos_v1:maggot":3,"minecraft:skeleton":1,"grimoireofgaia:ender_eye":1,"grimoireofgaia:flesh_lich":1,"laendli_transport:slabcrab":3,"born_in_chaos_v1:baby_skeleton":1,"minecraft:bat":2,"laendli_transport:crab":5,"minecraft:pillager":14,"minecraft:zombie":11},"minecraft:killed_by":{"minecraft:vindicator":1},"minecraft:mined":{"minecraft:dark_oak_planks":3,"securitycraft:mine":1,"quark:azalea_log":3,"minecraft:deepslate_diamond_ore":7,"minecraft:jungle_slab":3,"minecraft:grass_block":2,"minecraft:jungle_planks":1,"minecraft:sandstone":10,"minecraft:spawner":3,"minecraft:hay_block":14,"minecraft:gold_block":2,"minecraft:potatoes":2,"minecraft:iron_bars":2,"minecraft:bone_block":134,"minecraft:stone":45,"minecraft:white_wool":3,"minecraft:spruce_slab":1,"minecraft:blackstone":1,"minecraft:torch":1,"minecraft:dead_bush":3,"minecraft:cobblestone":11,"minecraft:blue_bed":1,"minecraft:wall_torch":2,"minecraft:amethyst_block":1,"minecraft:spruce_log":1,"minecraft:coal_ore":17,"quark:monster_box":1,"minecraft:dirt":2,"minecraft:gravel":5,"minecraft:sand":11,"minecraft:smooth_quartz":1,"minecraft:crimson_planks":1,"minecraft:cobweb":11,"minecraft:dispenser":1,"minecraft:oak_leaves":1,"minecraft:deepslate":89},"minecraft:custom":{"minecraft:mob_kills":46,"minecraft:interact_with_crafting_table":12,"minecraft:open_barrel":18,"minecraft:damage_dealt_resisted":20,"minecraft:leave_game":4,"minecraft:time_since_death":58231,"minecraft:climb_one_cm":6643,"minecraft:sprint_one_cm":363695,"minecraft:walk_one_cm":344220,"minecraft:drop":27,"minecraft:play_time":154269,"minecraft:deaths":8,"minecraft:sneak_time":815,"minecraft:walk_under_water_one_cm":37388,"minecraft:boat_one_cm":184766,"minecraft:jump":1886,"minecraft:walk_on_water_one_cm":36518,"minecraft:total_world_time":154269,"tombstone:raider_killed":15,"vampirism:interact_with_garlic_diffuser":2,"minecraft:sleep_in_bed":4,"minecraft:time_since_rest":57817,"minecraft:damage_taken":8558,"minecraft:damage_absorbed":40,"minecraft:trigger_trapped_chest":2,"minecraft:damage_dealt":8967,"minecraft:swim_one_cm":219286,"minecraft:fly_one_cm":320424,"minecraft:open_chest":27,"minecraft:crouch_one_cm":1123,"tombstone:undead_killed":15,"minecraft:interact_with_smoker":9,"minecraft:fall_one_cm":48971},"minecraft:crafted":{"securitycraft:mine":3,"securitycraft:furnace_mine":1,"minecraft:furnace":1,"minecraft:bone_meal":512,"minecraft:dark_oak_planks":24,"minecraft:wheat":63,"quark:azalea_planks":12,"quark:azalea_boat":1,"securitycraft:sand_mine":1,"minecraft:crafting_table":4,"minecraft:spruce_planks":4,"minecraft:baked_potato":75,"minecraft:iron_sword":1,"minecraft:bread":23,"minecraft:iron_chestplate":1,"minecraft:diamond_pickaxe":1,"minecraft:golden_apple":2,"minecraft:iron_pickaxe":1,"minecraft:gold_ingot":72,"minecraft:iron_leggings":1,"minecraft:torch":68},"minecraft:used":{"minecraft:flint_and_steel":3,"minecraft:bone_block":3,"minecraft:iron_sword":250,"minecraft:cooked_chicken":1,"minecraft:rotten_flesh":4,"minecraft:torch":70,"minecraft:dirt":1,"minecraft:carrot":14,"minecraft:jungle_slab":1,"minecraft:purple_banner":1,"minecraft:iron_hoe":1,"minecraft:dark_oak_planks":23,"minecraft:smooth_quartz":1,"securitycraft:sand_mine":1,"tombstone:gift":1,"minecraft:potato":2,"minecraft:cooked_beef":3,"quark:azalea_boat":1,"minecraft:cobbled_deepslate":8,"minecraft:cooked_mutton":1,"tombstone:scroll_of_knowledge":1,"minecraft:baked_potato":67,"minecraft:sandstone":10,"minecraft:blue_bed":1,"minecraft:golden_apple":2,"minecraft:sand":8,"quark:azalea_planks":2,"minecraft:crafting_table":5,"securitycraft:furnace_mine":1,"minecraft:diamond_pickaxe":200,"minecraft:apple":1,"minecraft:bread":37,"minecraft:iron_pickaxe":228,"securitycraft:mine":1,"minecraft:cobblestone":25,"minecraft:cooked_porkchop":2,"minecraft:bone_meal":531},"minecraft:broken":{"minecraft:iron_sword":1,"minecraft:iron_helmet":1},"minecraft:picked_up":{"minecraft:crafting_table":1,"minecraft:lead":1,"minecraft:gold_block":2,"quark:azalea_log":3,"minecraft:crimson_planks":2,"minecraft:amethyst_block":1,"quark:azalea_planks":3,"minecraft:item_frame":1,"minecraft:purple_banner":2,"minecraft:cobbled_deepslate":74,"vampirism:garlic_bread":5,"minecraft:smooth_quartz":1,"minecraft:spruce_slab":3,"minecraft:iron_boots":1,"minecraft:sandstone":10,"minecraft:raw_iron":4,"minecraft:stick":26,"minecraft:torch":3,"minecraft:dark_oak_planks":3,"minecraft:tnt":3,"minecraft:rotten_flesh":12,"minecraft:hay_block":14,"minecraft:cobblestone":65,"minecraft:cod":4,"minecraft:white_wool":3,"minecraft:bone_block":215,"minecraft:potato":796,"minecraft:blue_bed":1,"minecraft:dirt":4,"minecraft:white_banner":1,"minecraft:bone":1,"minecraft:poisonous_potato":4,"minecraft:jungle_planks":4,"minecraft:sand":9,"minecraft:spruce_log":1,"minecraft:jungle_slab":3,"grimoireofgaia:shiny_pearl":2,"minecraft:iron_hoe":1,"minecraft:dispenser":1,"minecraft:diamond":7,"minecraft:crossbow":2,"minecraft:bone_meal":21,"minecraft:baked_potato":26,"minecraft:coal":17,"minecraft:ender_pearl":1},"minecraft:dropped":{"minecraft:crimson_planks":2,"minecraft:baked_potato":26,"minecraft:diamond":1,"minecraft:jungle_planks":2,"grimoireofgaia:shiny_pearl":2,"minecraft:stick":2,"minecraft:jungle_slab":1,"minecraft:torch":1,"tombstone:grave_dust":1,"minecraft:bone_meal":2,"minecraft:dark_oak_planks":1,"alexsmobs:animal_dictionary":1,"tombstone:gift":1,"minecraft:potato":512}},"DataVersion":3465}