{"stats":{"minecraft:mined":{"minecraft:deepslate_diamond_ore":11,"minecraft:brewing_stand":1,"minecraft:granite":15,"born_in_chaos_v1:black_argillite":2,"minecraft:jungle_log":11,"vampirism:weapon_table":1,"minecraft:moss_block":2,"minecraft:spawner":1,"minecraft:hay_block":1,"minecraft:iron_ore":8,"minecraft:cobbled_deepslate":22,"minecraft:fire":3,"minecraft:deepslate_iron_ore":7,"minecraft:stone":10,"minecraft:blackstone":42,"minecraft:crafting_table":6,"minecraft:dead_bush":1,"minecraft:cobblestone":3,"born_in_chaos_v1:chipped_black_argillite_brick":1,"minecraft:deepslate_gold_ore":1,"minecraft:sugar_cane":3,"minecraft:oak_planks":8,"minecraft:gray_bed":2,"minecraft:spruce_log":24,"minecraft:yellow_bed":2,"minecraft:grass":1,"minecraft:gravel":3,"minecraft:sand":1,"minecraft:cobweb":7,"minecraft:deepslate":7},"minecraft:dropped":{"vampirism:item_garlic":1,"minecraft:iron_ingot":2,"minecraft:clay":1,"born_in_chaos_v1:intoxicating_decoction":1,"minecraft:iron_sword":1,"born_in_chaos_v1:shattered_skull":3,"minecraft:moss_block":2,"minecraft:diamond":6,"minecraft:iron_helmet":2,"minecraft:oak_fence":1,"minecraft:feather":4,"minecraft:cobblestone":10,"minecraft:jungle_planks":24,"grimoireofgaia:shiny_pearl":2,"minecraft:chainmail_helmet":1,"minecraft:rail":2,"minecraft:coal":27,"minecraft:stick":3,"minecraft:item_frame":1,"artifacts:night_vision_goggles":2,"minecraft:dark_oak_log":1,"mca:book_romance":1,"born_in_chaos_v1:black_argillite":2,"minecraft:wooden_hoe":1,"grimoireofgaia:stone_coal":2,"tombstone:grave_key":1,"minecraft:wooden_axe":1,"minecraft:iron_leggings":2,"minecraft:gold_nugget":1,"minecraft:sand":1,"minecraft:iron_axe":1,"minecraft:iron_pickaxe":1,"vampirism:ring":2,"minecraft:string":6,"artifacts:digging_claws":1,"minecraft:redstone":48,"minecraft:bone":7,"minecraft:moss_carpet":1,"minecraft:blackstone":807,"minecraft:sugar_cane":7,"minecraft:iron_nugget":2,"minecraft:cobbled_deepslate":1064,"minecraft:bowl":2,"vampirism:obi_belt":1,"minecraft:tuff":212,"minecraft:raw_iron":12,"born_in_chaos_v1:ethereal_spirit":2,"minecraft:rotten_flesh":8,"minecraft:iron_boots":1,"tombstone:scroll_of_purification":1,"artifacts:golden_hook":1,"justhammers:iron_hammer":1,"minecraft:gunpowder":1,"minecraft:iron_chestplate":1,"minecraft:beetroot_seeds":5,"born_in_chaos_v1:corpse_maggot":2,"minecraft:yellow_bed":2,"minecraft:chainmail_boots":1,"quark:forgotten_hat":1,"vampirism:hunter_axe_ultimate":1,"vampirism:crucifix_normal":1,"minecraft:spider_eye":4,"minecraft:spruce_log":11,"minecraft:arrow":9,"minecraft:wooden_pickaxe":2,"born_in_chaos_v1:dark_rod":1},"minecraft:picked_up":{"minecraft:crafting_table":6,"minecraft:chainmail_boots":1,"artifacts:night_vision_goggles":3,"minecraft:wooden_pickaxe":1,"tombstone:grave_key":1,"minecraft:brewing_stand":1,"born_in_chaos_v1:black_argillite":2,"minecraft:string":7,"minecraft:moss_carpet":1,"minecraft:iron_leggings":2,"minecraft:item_frame":1,"born_in_chaos_v1:intoxicating_decoction":2,"minecraft:blackstone":1490,"minecraft:candle":2,"minecraft:gold_nugget":3,"minecraft:cobbled_deepslate":1390,"minecraft:iron_nugget":3,"minecraft:sugar_cane":7,"minecraft:stick":1,"minecraft:raw_iron":29,"born_in_chaos_v1:shattered_skull":2,"minecraft:oak_fence":1,"tombstone:grave_dust":2,"minecraft:redstone":48,"minecraft:cactus":1,"minecraft:arrow":9,"minecraft:rotten_flesh":13,"grimoireofgaia:stone_coal":2,"minecraft:hay_block":1,"minecraft:rail":2,"minecraft:cobblestone":19,"born_in_chaos_v1:corpse_maggot":19,"vampirism:weapon_table":1,"minecraft:jungle_boat":1,"minecraft:feather":4,"born_in_chaos_v1:monster_flesh":1,"artifacts:digging_claws":2,"minecraft:jungle_log":24,"minecraft:tuff":211,"minecraft:yellow_bed":4,"minecraft:gunpowder":1,"minecraft:lapis_lazuli":1,"quark:forgotten_hat":1,"minecraft:bone":7,"minecraft:raw_gold":13,"minecraft:iron_ingot":2,"minecraft:moss_block":2,"minecraft:gray_bed":2,"minecraft:oak_planks":6,"vampirism:crucifix_normal":1,"vampirism:ring":1,"born_in_chaos_v1:ethereal_spirit":2,"minecraft:gravel":1,"minecraft:sand":1,"minecraft:jungle_planks":17,"born_in_chaos_v1:dark_rod":1,"minecraft:spruce_log":23,"minecraft:dark_oak_log":1,"minecraft:spider_eye":5,"grimoireofgaia:shiny_pearl":2,"minecraft:clay":1,"minecraft:diamond":40,"minecraft:iron_helmet":1,"minecraft:granite":27,"alexsmobs:tarantula_hawk_wing_fragment":1,"minecraft:bread":10,"minecraft:chainmail_helmet":1,"minecraft:ender_pearl":1},"minecraft:killed":{"born_in_chaos_v1:zombie_clown":1,"vampirism:vampire":1,"minecraft:cave_spider":2,"alexsmobs:tarantula_hawk":1,"born_in_chaos_v1:zombie_lumberjack":1,"minecraft:spider":2,"born_in_chaos_v1:maggot":5,"quark:forgotten":1,"minecraft:horse":1,"minecraft:skeleton":2,"grimoireofgaia:mimic":1,"grimoireofgaia:creep":1,"artifacts:mimic":1,"grimoireofgaia:flesh_lich":1,"minecraft:husk":2,"grimoireofgaia:cecaelia":1,"born_in_chaos_v1:decrepit_skeleton":1,"minecraft:zombie":1,"born_in_chaos_v1:dread_hound":1,"born_in_chaos_v1:corpse_fly":16,"born_in_chaos_v1:dark_vortex":1,"grimoireofgaia:arachne":1,"alexsmobs:roadrunner":1},"minecraft:used":{"born_in_chaos_v1:intoxicating_decoction":1,"quark:jungle_chest":2,"minecraft:spruce_planks":48,"minecraft:shield":14,"minecraft:iron_sword":46,"minecraft:rotten_flesh":5,"minecraft:brewing_stand":1,"tombstone:scroll_of_preservation":3,"minecraft:spyglass":3,"minecraft:jungle_planks":20,"born_in_chaos_v1:corpse_maggot":17,"minecraft:wooden_axe":11,"minecraft:iron_axe":11,"minecraft:jungle_log":1,"minecraft:gray_bed":2,"tombstone:gift":4,"minecraft:cobbled_deepslate":156,"minecraft:water_bucket":17,"vampirism:weapon_table":1,"minecraft:glass_bottle":1,"minecraft:stone_pickaxe":24,"minecraft:baked_potato":2,"minecraft:ender_pearl":1,"minecraft:blackstone":78,"minecraft:wooden_pickaxe":6,"minecraft:diamond_axe":33,"minecraft:jungle_boat":1,"minecraft:cookie":4,"minecraft:glow_berries":12,"justhammers:diamond_hammer":266,"minecraft:crafting_table":10,"minecraft:mushroom_stew":2,"justhammers:iron_hammer":80,"minecraft:diamond_pickaxe":37,"born_in_chaos_v1:monster_flesh":1,"minecraft:iron_pickaxe":56,"minecraft:bread":11,"minecraft:stone_axe":7,"minecraft:diamond_sword":174,"minecraft:cobblestone":3,"minecraft:bucket":18,"minecraft:yellow_bed":2,"minecraft:diamond_leggings":1,"minecraft:candle":2},"minecraft:custom":{"minecraft:mob_kills":48,"minecraft:interact_with_anvil":1,"minecraft:interact_with_crafting_table":25,"minecraft:open_barrel":35,"minecraft:damage_dealt_resisted":463,"minecraft:eat_cake_slice":4,"minecraft:leave_game":5,"minecraft:time_since_death":1,"minecraft:climb_one_cm":2697,"minecraft:sprint_one_cm":412276,"minecraft:walk_one_cm":276676,"minecraft:damage_blocked_by_shield":390,"minecraft:drop":132,"minecraft:talked_to_villager":1,"minecraft:play_time":117326,"minecraft:deaths":9,"minecraft:sneak_time":4121,"minecraft:walk_under_water_one_cm":6968,"minecraft:boat_one_cm":50265,"minecraft:interact_with_brewingstand":1,"minecraft:jump":2045,"minecraft:walk_on_water_one_cm":12881,"minecraft:total_world_time":117326,"minecraft:interact_with_furnace":9,"vampirism:interact_with_research_table":1,"vampirism:interact_with_garlic_diffuser":2,"minecraft:sleep_in_bed":8,"minecraft:time_since_rest":1,"minecraft:damage_taken":4002,"minecraft:damage_dealt":12866,"minecraft:swim_one_cm":14927,"minecraft:fly_one_cm":356933,"minecraft:open_chest":27,"minecraft:crouch_one_cm":10469,"tombstone:undead_killed":10,"minecraft:fall_one_cm":61378},"minecraft:crafted":{"quark:jungle_chest":2,"minecraft:diamond_helmet":1,"minecraft:diamond_leggings":1,"minecraft:iron_boots":1,"minecraft:iron_axe":1,"minecraft:stone_pickaxe":1,"justhammers:diamond_hammer":1,"minecraft:diamond_boots":1,"minecraft:wheat":9,"minecraft:diamond_sword":1,"minecraft:diamond_axe":1,"minecraft:crafting_table":5,"minecraft:spruce_planks":48,"minecraft:jungle_boat":1,"minecraft:wooden_pickaxe":1,"minecraft:baked_potato":5,"minecraft:iron_sword":1,"minecraft:bucket":1,"minecraft:stone_axe":1,"minecraft:bread":3,"minecraft:air":0,"minecraft:jungle_planks":92,"justhammers:iron_hammer":1,"minecraft:iron_chestplate":1,"minecraft:wooden_hoe":1,"minecraft:diamond_pickaxe":1,"minecraft:shield":1,"minecraft:stick":32,"minecraft:iron_ingot":23,"minecraft:iron_pickaxe":1,"minecraft:wooden_axe":1,"minecraft:diamond_chestplate":1}},"DataVersion":3465}