{"stats":{"minecraft:killed":{"minecraft:cave_spider":2,"minecraft:spider":2,"born_in_chaos_v1:maggot":5,"quark:forgotten":1,"minecraft:skeleton":2,"grimoireofgaia:mimic":1,"grimoireofgaia:creep":1,"artifacts:mimic":1,"grimoireofgaia:flesh_lich":1,"minecraft:husk":2,"born_in_chaos_v1:decrepit_skeleton":1,"minecraft:zombie":1,"born_in_chaos_v1:corpse_fly":15,"born_in_chaos_v1:dark_vortex":1,"grimoireofgaia:arachne":1,"alexsmobs:roadrunner":1},"minecraft:mined":{"minecraft:deepslate_diamond_ore":11,"minecraft:brewing_stand":1,"minecraft:granite":15,"born_in_chaos_v1:black_argillite":2,"minecraft:jungle_log":11,"minecraft:moss_block":2,"minecraft:spawner":1,"minecraft:iron_ore":8,"minecraft:cobbled_deepslate":22,"minecraft:fire":2,"minecraft:deepslate_iron_ore":7,"minecraft:stone":9,"minecraft:blackstone":32,"minecraft:crafting_table":4,"minecraft:dead_bush":1,"minecraft:cobblestone":1,"minecraft:deepslate_gold_ore":1,"minecraft:sugar_cane":3,"minecraft:oak_planks":8,"minecraft:gray_bed":2,"minecraft:yellow_bed":2,"minecraft:grass":1,"minecraft:gravel":3,"minecraft:sand":1,"minecraft:cobweb":7,"minecraft:deepslate":7},"minecraft:custom":{"minecraft:mob_kills":38,"minecraft:interact_with_anvil":1,"minecraft:interact_with_crafting_table":22,"minecraft:open_barrel":20,"minecraft:damage_dealt_resisted":188,"minecraft:eat_cake_slice":4,"minecraft:leave_game":4,"minecraft:time_since_death":16593,"minecraft:climb_one_cm":817,"minecraft:sprint_one_cm":353590,"minecraft:walk_one_cm":219559,"minecraft:damage_blocked_by_shield":390,"minecraft:drop":86,"minecraft:play_time":89236,"minecraft:deaths":6,"minecraft:sneak_time":3043,"minecraft:walk_under_water_one_cm":6968,"minecraft:jump":1501,"minecraft:walk_on_water_one_cm":12249,"minecraft:total_world_time":89236,"minecraft:interact_with_furnace":6,"minecraft:sleep_in_bed":6,"minecraft:time_since_rest":2608,"minecraft:damage_taken":2712,"minecraft:damage_dealt":9876,"minecraft:swim_one_cm":14927,"minecraft:fly_one_cm":267136,"minecraft:open_chest":5,"minecraft:crouch_one_cm":7176,"tombstone:undead_killed":8,"minecraft:fall_one_cm":40026},"minecraft:crafted":{"quark:jungle_chest":2,"minecraft:diamond_helmet":1,"minecraft:iron_boots":1,"minecraft:diamond_leggings":1,"minecraft:iron_axe":1,"minecraft:stone_pickaxe":1,"justhammers:diamond_hammer":1,"minecraft:diamond_boots":1,"minecraft:diamond_sword":1,"minecraft:diamond_axe":1,"minecraft:crafting_table":4,"minecraft:wooden_pickaxe":1,"minecraft:iron_sword":1,"minecraft:bucket":1,"minecraft:stone_axe":1,"minecraft:air":0,"minecraft:jungle_planks":40,"justhammers:iron_hammer":1,"minecraft:wooden_hoe":1,"minecraft:iron_chestplate":1,"minecraft:diamond_pickaxe":1,"minecraft:shield":1,"minecraft:stick":32,"minecraft:iron_ingot":23,"minecraft:iron_pickaxe":1,"minecraft:wooden_axe":1,"minecraft:diamond_chestplate":1},"minecraft:used":{"quark:jungle_chest":2,"minecraft:shield":14,"minecraft:iron_sword":46,"minecraft:rotten_flesh":5,"tombstone:scroll_of_preservation":3,"minecraft:jungle_planks":1,"born_in_chaos_v1:corpse_maggot":17,"minecraft:wooden_axe":11,"minecraft:iron_axe":11,"minecraft:gray_bed":2,"tombstone:gift":2,"minecraft:cobbled_deepslate":150,"minecraft:water_bucket":12,"minecraft:stone_pickaxe":24,"minecraft:blackstone":44,"minecraft:ender_pearl":1,"minecraft:wooden_pickaxe":6,"minecraft:diamond_axe":7,"minecraft:cookie":4,"minecraft:glow_berries":12,"minecraft:crafting_table":7,"justhammers:diamond_hammer":266,"minecraft:mushroom_stew":2,"justhammers:iron_hammer":80,"minecraft:diamond_pickaxe":25,"minecraft:bread":2,"minecraft:iron_pickaxe":56,"minecraft:stone_axe":7,"minecraft:diamond_sword":125,"minecraft:cobblestone":1,"minecraft:bucket":13,"minecraft:yellow_bed":1,"minecraft:candle":2,"minecraft:diamond_leggings":1},"minecraft:picked_up":{"minecraft:crafting_table":4,"minecraft:chainmail_boots":1,"artifacts:night_vision_goggles":3,"minecraft:wooden_pickaxe":1,"tombstone:grave_key":1,"minecraft:brewing_stand":1,"born_in_chaos_v1:black_argillite":2,"minecraft:string":7,"minecraft:moss_carpet":1,"minecraft:iron_leggings":1,"born_in_chaos_v1:intoxicating_decoction":1,"minecraft:blackstone":1488,"minecraft:candle":2,"minecraft:gold_nugget":3,"minecraft:cobbled_deepslate":1350,"minecraft:iron_nugget":2,"minecraft:sugar_cane":7,"minecraft:stick":1,"minecraft:raw_iron":29,"minecraft:oak_fence":1,"tombstone:grave_dust":2,"minecraft:redstone":48,"minecraft:arrow":9,"minecraft:rotten_flesh":8,"grimoireofgaia:stone_coal":2,"minecraft:rail":2,"minecraft:cobblestone":15,"born_in_chaos_v1:corpse_maggot":19,"minecraft:feather":4,"artifacts:digging_claws":2,"minecraft:jungle_log":22,"minecraft:tuff":211,"minecraft:yellow_bed":4,"minecraft:gunpowder":1,"minecraft:lapis_lazuli":1,"quark:forgotten_hat":1,"minecraft:bone":7,"minecraft:raw_gold":13,"minecraft:iron_ingot":1,"minecraft:moss_block":2,"minecraft:gray_bed":2,"minecraft:oak_planks":6,"born_in_chaos_v1:ethereal_spirit":2,"born_in_chaos_v1:dark_rod":1,"minecraft:gravel":1,"minecraft:sand":1,"minecraft:jungle_planks":17,"minecraft:spider_eye":3,"minecraft:diamond":40,"minecraft:iron_helmet":1,"minecraft:granite":27,"minecraft:chainmail_helmet":1,"minecraft:bread":2,"minecraft:ender_pearl":1},"minecraft:dropped":{"minecraft:iron_sword":1,"minecraft:moss_block":2,"minecraft:iron_helmet":2,"minecraft:oak_fence":1,"minecraft:feather":2,"minecraft:cobblestone":8,"minecraft:rail":2,"artifacts:night_vision_goggles":2,"born_in_chaos_v1:black_argillite":2,"minecraft:wooden_hoe":1,"grimoireofgaia:stone_coal":2,"tombstone:grave_key":1,"minecraft:wooden_axe":1,"minecraft:gold_nugget":1,"minecraft:sand":1,"minecraft:iron_axe":1,"minecraft:iron_pickaxe":1,"minecraft:string":6,"artifacts:digging_claws":1,"minecraft:bone":7,"minecraft:moss_carpet":1,"minecraft:blackstone":807,"minecraft:sugar_cane":7,"minecraft:iron_nugget":1,"minecraft:cobbled_deepslate":1024,"minecraft:bowl":2,"minecraft:tuff":212,"born_in_chaos_v1:ethereal_spirit":2,"minecraft:rotten_flesh":1,"minecraft:iron_boots":1,"tombstone:scroll_of_purification":1,"artifacts:golden_hook":1,"justhammers:iron_hammer":1,"minecraft:gunpowder":1,"minecraft:iron_chestplate":1,"minecraft:beetroot_seeds":5,"born_in_chaos_v1:corpse_maggot":2,"minecraft:yellow_bed":1,"quark:forgotten_hat":1,"vampirism:hunter_axe_ultimate":1,"minecraft:wooden_pickaxe":2}},"DataVersion":3465}