{"stats":{"minecraft:mined":{"minecraft:spruce_log":2,"minecraft:yellow_bed":2,"minecraft:sugar_cane":17,"minecraft:moss_block":1},"minecraft:dropped":{"minecraft:golden_chestplate":1,"tombstone:grave_key":3,"vampirism:obi_belt":1},"minecraft:picked_up":{"born_in_chaos_v1:corpse_maggot":4,"minecraft:feather":2,"minecraft:chainmail_boots":1,"born_in_chaos_v1:shattered_skull":1,"born_in_chaos_v1:dark_rod":1,"tombstone:grave_key":2,"minecraft:yellow_bed":3,"minecraft:spruce_log":2,"minecraft:redstone":48,"minecraft:string":1,"minecraft:rotten_flesh":2,"vampirism:obi_belt":2,"vampirism:item_garlic":1,"minecraft:iron_ingot":1,"minecraft:chainmail_helmet":1,"minecraft:sugar_cane":44,"minecraft:coal":8},"minecraft:killed_by":{"minecraft:player":1},"minecraft:killed":{"born_in_chaos_v1:corpse_fly":4,"alexsmobs:roadrunner":1},"minecraft:used":{"minecraft:chainmail_helmet":1,"minecraft:rotten_flesh":2,"minecraft:chainmail_boots":1,"minecraft:yellow_bed":2,"minecraft:spruce_log":2,"minecraft:golden_axe":15},"minecraft:custom":{"minecraft:time_since_rest":4033,"minecraft:interact_with_smithing_table":1,"minecraft:sprint_one_cm":59216,"minecraft:damage_taken":1207,"minecraft:walk_one_cm":70925,"minecraft:mob_kills":5,"minecraft:drop":5,"minecraft:damage_dealt":573,"vampirism:interact_with_research_table":10,"minecraft:interact_with_crafting_table":1,"minecraft:player_kills":1,"minecraft:fly_one_cm":88254,"minecraft:open_barrel":7,"minecraft:open_chest":6,"minecraft:crouch_one_cm":1331,"minecraft:play_time":26059,"minecraft:deaths":2,"minecraft:sneak_time":317,"minecraft:walk_under_water_one_cm":2409,"minecraft:boat_one_cm":51260,"minecraft:jump":434,"minecraft:leave_game":1,"minecraft:walk_on_water_one_cm":1056,"minecraft:time_since_death":4217,"minecraft:climb_one_cm":2250,"minecraft:total_world_time":26059,"minecraft:fall_one_cm":9735}},"DataVersion":3465}